室內設計 | 台中洪公館照片1: ,https://www.order.com.tw/data/case/202603/1774251890889836045.jpg
室內設計 | 台中洪公館照片2: ,https://www.order.com.tw/data/case/202603/1774251892595584899.jpg
室內設計 | 台中洪公館照片3: ,https://www.order.com.tw/data/case/202603/1774251894502521307.jpg
室內設計 | 台中洪公館照片4: ,https://www.order.com.tw/data/case/202603/1774251891715411705.jpg
室內設計 | 台中洪公館照片5: ,https://www.order.com.tw/data/case/202603/1774251897266774694.jpg
室內設計 | 台中洪公館照片6: ,https://www.order.com.tw/data/case/202603/1774251894753783868.jpg
室內設計 | 台中洪公館照片7: ,https://www.order.com.tw/data/case/202603/1774251895963238912.jpg
室內設計 | 台中洪公館照片8: ,https://www.order.com.tw/data/case/202603/1774251898424602578.jpg
室內設計 | 台中洪公館照片9: ,https://www.order.com.tw/data/case/202603/1774251899754482506.jpg
室內設計 | 台中洪公館照片10: ,https://www.order.com.tw/data/case/202603/1774251896323607234.jpg
室內設計 | 彰化李公館照片1: ,https://www.order.com.tw/data/case/202603/1773899385627896330.jpg
室內設計 | 彰化李公館照片2: ,https://www.order.com.tw/data/case/202603/1773899385540458031.jpg
室內設計 | 彰化李公館照片3: ,https://www.order.com.tw/data/case/202603/1773899853074017978.jpg
室內設計 | 彰化李公館照片4: ,https://www.order.com.tw/data/case/202603/1773899853470628242.jpg
室內設計 | 彰化李公館照片5: ,https://www.order.com.tw/data/case/202603/1773899384819445333.jpg
室內設計 | 彰化李公館照片6: ,https://www.order.com.tw/data/case/202603/1773899384496213976.jpg
室內設計 | 彰化李公館照片7: ,https://www.order.com.tw/data/case/202603/1773899383565574253.jpg
室內設計 | 彰化李公館照片8: ,https://www.order.com.tw/data/case/202603/1773899381568631161.jpg
室內設計 | 彰化李公館照片9: ,https://www.order.com.tw/data/case/202603/1773899382479119396.jpg
室內設計 | 彰化李公館照片10: ,https://www.order.com.tw/data/case/202603/1773899383787184276.jpg
室內設計 | 桃園楊公館照片1: ,https://www.order.com.tw/data/case/202603/1773199572168176555.jpg
室內設計 | 桃園楊公館照片2: ,https://www.order.com.tw/data/case/202603/1773199572965872440.jpg
室內設計 | 桃園楊公館照片3: ,https://www.order.com.tw/data/case/202603/1773199573103768536.jpg
室內設計 | 桃園楊公館照片4: ,https://www.order.com.tw/data/case/202603/1773199574159204797.jpg
室內設計 | 桃園楊公館照片5: ,https://www.order.com.tw/data/case/202603/1773199572052562060.jpg
室內設計 | 桃園楊公館照片6: ,https://www.order.com.tw/data/case/202603/1773199562877312784.jpg
室內設計 | 桃園楊公館照片7: ,https://www.order.com.tw/data/case/202603/1773199566108052624.jpg
室內設計 | 桃園楊公館照片8: ,https://www.order.com.tw/data/case/202603/1773199569110508058.jpg
室內設計 | 桃園楊公館照片9: ,https://www.order.com.tw/data/case/202603/1773199574347391544.jpg
室內設計 | 桃園楊公館照片10: ,https://www.order.com.tw/data/case/202603/1773199575595721341.jpg
室內設計 | 新竹李公館照片1: ,https://www.order.com.tw/data/case/202602/1770257445726059053.jpg
室內設計 | 新竹李公館照片2: ,https://www.order.com.tw/data/case/202602/1770257446835977238.jpg
室內設計 | 新竹李公館照片3: ,https://www.order.com.tw/data/case/202602/1770257445551637885.jpg
室內設計 | 新竹李公館照片4: ,https://www.order.com.tw/data/case/202602/1770257446825722367.jpg
室內設計 | 新竹李公館照片5: ,https://www.order.com.tw/data/case/202602/1770257444882407591.jpg
室內設計 | 新竹李公館照片6: ,https://www.order.com.tw/data/case/202602/1770257442368732785.jpg
室內設計 | 新竹李公館照片7: ,https://www.order.com.tw/data/case/202602/1770257441662810968.jpg
室內設計 | 新竹李公館照片8: ,https://www.order.com.tw/data/case/202602/1770257442466980539.jpg
室內設計 | 新竹李公館照片9: ,https://www.order.com.tw/data/case/202602/1770257441504940583.jpg
室內設計 | 新竹李公館照片10: ,https://www.order.com.tw/data/case/202602/1770257444115369919.jpg
室內設計 |台南黃公館照片1: ,https://www.order.com.tw/data/case/202601/1769652983995724156.jpg
室內設計 |台南黃公館照片2: ,https://www.order.com.tw/data/case/202601/1769652978738031213.jpg
室內設計 |台南黃公館照片3: ,https://www.order.com.tw/data/case/202601/1769652982722117941.jpg
室內設計 |台南黃公館照片4: ,https://www.order.com.tw/data/case/202601/1769652982061250611.jpg
室內設計 |台南黃公館照片5: ,https://www.order.com.tw/data/case/202601/1769652978144206521.jpg
室內設計 |台南黃公館照片6: ,https://www.order.com.tw/data/case/202601/1769652979033266642.jpg
室內設計 |台南黃公館照片7: ,https://www.order.com.tw/data/case/202601/1769652983688018116.jpg
室內設計 |台南黃公館照片8: ,https://www.order.com.tw/data/case/202601/1769652983589774501.jpg
室內設計 |台南黃公館照片9: ,https://www.order.com.tw/data/case/202601/1769652984828777229.jpg
室內設計 |台南黃公館照片10: ,https://www.order.com.tw/data/case/202601/1769652984652038861.jpg
室內設計 | 蘆洲丁公館照片1: ,https://www.order.com.tw/data/case/202601/1769054329600621941.jpg
室內設計 | 蘆洲丁公館照片2: ,https://www.order.com.tw/data/case/202601/1769054328560164324.jpg
室內設計 | 蘆洲丁公館照片3: ,https://www.order.com.tw/data/case/202601/1769054327083143387.jpg
室內設計 | 蘆洲丁公館照片4: ,https://www.order.com.tw/data/case/202601/1769054328898551141.jpg
室內設計 | 蘆洲丁公館照片5: ,https://www.order.com.tw/data/case/202601/1769054329789132901.jpg
室內設計 | 蘆洲丁公館照片6: ,https://www.order.com.tw/data/case/202601/1769054328036978871.jpg
室內設計 | 蘆洲丁公館照片7: ,https://www.order.com.tw/data/case/202601/1769054327483367195.jpg
室內設計 | 蘆洲丁公館照片8: ,https://www.order.com.tw/data/case/202601/1769060027743930159.jpg
室內設計 | 蘆洲丁公館照片9: ,https://www.order.com.tw/data/case/202601/1769060028133953763.jpg
室內設計 | 蘆洲丁公館照片10: ,https://www.order.com.tw/data/case/202601/1769054331067922767.jpg
室內設計 | 台南葉公館照片1: ,https://www.order.com.tw/data/case/202601/1767929023729914542.jpg
室內設計 | 台南葉公館照片2: ,https://www.order.com.tw/data/case/202601/1767929024701018213.jpg
室內設計 | 台南葉公館照片3: ,https://www.order.com.tw/data/case/202601/1767929027940849338.jpg
室內設計 | 台南葉公館照片4: ,https://www.order.com.tw/data/case/202601/1767929023293730856.jpg
室內設計 | 台南葉公館照片5: ,https://www.order.com.tw/data/case/202601/1767929024953232299.jpg
室內設計 | 台南葉公館照片6: ,https://www.order.com.tw/data/case/202601/1767929023842481980.jpg
室內設計 | 台南葉公館照片7: ,https://www.order.com.tw/data/case/202601/1767929029796363345.jpg
室內設計 | 台南葉公館照片8: ,https://www.order.com.tw/data/case/202601/1767929025601319173.jpg
室內設計 | 台南葉公館照片9: ,https://www.order.com.tw/data/case/202601/1767929012842699903.jpg
室內設計 | 台南葉公館照片10: ,https://www.order.com.tw/data/case/202601/1767929012668599204.jpg
室內設計 | 台中陳公館照片1: ,https://www.order.com.tw/data/case/202512/1766455218310409664.jpg
室內設計 | 台中陳公館照片2: ,https://www.order.com.tw/data/case/202512/1766454755204211376.jpg
室內設計 | 台中陳公館照片3: ,https://www.order.com.tw/data/case/202512/1766454756349275009.jpg
室內設計 | 台中陳公館照片4: ,https://www.order.com.tw/data/case/202512/1766454755111114515.jpg
室內設計 | 台中陳公館照片5: ,https://www.order.com.tw/data/case/202512/1766454754805224287.jpg
室內設計 | 台中陳公館照片6: ,https://www.order.com.tw/data/case/202512/1766454753374819563.jpg
室內設計 | 台中陳公館照片7: ,https://www.order.com.tw/data/case/202512/1766454753528508337.jpg
室內設計 | 台中陳公館照片8: ,https://www.order.com.tw/data/case/202512/1766454752562225801.jpg
室內設計 | 台中陳公館照片9: ,https://www.order.com.tw/data/case/202512/1766454752476280679.jpg
室內設計 | 台中陳公館照片10: ,https://www.order.com.tw/data/case/202512/1766454750529219789.jpg
室內設計 | 高雄翁公館照片1: ,https://www.order.com.tw/data/case/202512/1764927272281825387.jpg
室內設計 | 高雄翁公館照片2: ,https://www.order.com.tw/data/case/202512/1764926637904777649.jpg
室內設計 | 高雄翁公館照片3: ,https://www.order.com.tw/data/case/202512/1764926638874422467.jpg
室內設計 | 高雄翁公館照片4: ,https://www.order.com.tw/data/case/202512/1764926640070775624.jpg
室內設計 | 高雄翁公館照片5: ,https://www.order.com.tw/data/case/202512/1764926639563072447.jpg
室內設計 | 高雄翁公館照片6: ,https://www.order.com.tw/data/case/202512/1764926641703570612.jpg
室內設計 | 高雄翁公館照片7: ,https://www.order.com.tw/data/case/202512/1764926640295154508.jpg
室內設計 | 高雄翁公館照片8: ,https://www.order.com.tw/data/case/202512/1764926640482276520.jpg
室內設計 | 高雄翁公館照片9: ,https://www.order.com.tw/data/case/202512/1764926636609299295.jpg
室內設計 | 高雄翁公館照片10: ,https://www.order.com.tw/data/case/202512/1764926636617644827.jpg
室內設計 | 桃園楊公館照片1: ,https://www.order.com.tw/data/case/202511/1763346853774212182.jpg
室內設計 | 桃園楊公館照片2: ,https://www.order.com.tw/data/case/202511/1763346853552073771.jpg
室內設計 | 桃園楊公館照片3: ,https://www.order.com.tw/data/case/202511/1763346855541742985.jpg
室內設計 | 桃園楊公館照片4: ,https://www.order.com.tw/data/case/202511/1763346854758277641.jpg
室內設計 | 桃園楊公館照片5: ,https://www.order.com.tw/data/case/202511/1763346860061887358.jpg
室內設計 | 桃園楊公館照片6: ,https://www.order.com.tw/data/case/202511/1763346859478078572.jpg
室內設計 | 桃園楊公館照片7: ,https://www.order.com.tw/data/case/202511/1763346852578093959.jpg
室內設計 | 桃園楊公館照片8: ,https://www.order.com.tw/data/case/202511/1763346861241481169.jpg
室內設計 | 桃園楊公館照片9: ,https://www.order.com.tw/data/case/202511/1763346849827519144.jpg
室內設計 | 桃園楊公館照片10: ,https://www.order.com.tw/data/case/202511/1763346849092009286.jpg
室內設計 | 台北林公館照片1: ,https://www.order.com.tw/data/case/202510/1761704404308903904.jpg
室內設計 | 台北林公館照片2: ,https://www.order.com.tw/data/case/202510/1761704407396076984.jpg
室內設計 | 台北林公館照片3: ,https://www.order.com.tw/data/case/202510/1761704405867027061.jpg
室內設計 | 台北林公館照片4: ,https://www.order.com.tw/data/case/202510/1761704406667025461.jpg
室內設計 | 台北林公館照片5: ,https://www.order.com.tw/data/case/202510/1761704404519992138.jpg
室內設計 | 台北林公館照片6: ,https://www.order.com.tw/data/case/202510/1761704404321287895.jpg
室內設計 | 台北林公館照片7: ,https://www.order.com.tw/data/case/202510/1761704403373389739.jpg
室內設計 | 台北林公館照片8: ,https://www.order.com.tw/data/case/202510/1761704402329073528.jpg
室內設計 | 台北林公館照片9: ,https://www.order.com.tw/data/case/202510/1761704405368783316.jpg
室內設計 | 台北林公館照片10: ,https://www.order.com.tw/data/case/202510/1761704408505934294.jpg
室內設計 | 桃園謝公館照片1: ,https://www.order.com.tw/data/case/202510/1761010970394721050.jpg
室內設計 | 桃園謝公館照片2: ,https://www.order.com.tw/data/case/202510/1761010972934023727.jpg
室內設計 | 桃園謝公館照片3: ,https://www.order.com.tw/data/case/202510/1761010970240635879.jpg
室內設計 | 桃園謝公館照片4: ,https://www.order.com.tw/data/case/202510/1761010972688189575.jpg
室內設計 | 桃園謝公館照片5: ,https://www.order.com.tw/data/case/202510/1761010971875958700.jpg
室內設計 | 桃園謝公館照片6: ,https://www.order.com.tw/data/case/202510/1761010973879094229.jpg
室內設計 | 桃園謝公館照片7: ,https://www.order.com.tw/data/case/202510/1761010974186142867.jpg
室內設計 | 桃園謝公館照片8: ,https://www.order.com.tw/data/case/202510/1761010970621189899.jpg
室內設計 | 桃園謝公館照片9: ,https://www.order.com.tw/data/case/202510/1761010968746648303.jpg
室內設計 | 桃園謝公館照片10: ,https://www.order.com.tw/data/case/202510/1761010968355789236.jpg
室內設計 | 桃園黃公館照片1: ,https://www.order.com.tw/data/case/202509/1758849984974180206.jpg
室內設計 | 桃園黃公館照片2: ,https://www.order.com.tw/data/case/202509/1758849986343565032.jpg
室內設計 | 桃園黃公館照片3: ,https://www.order.com.tw/data/case/202509/1758849985880367249.jpg
室內設計 | 桃園黃公館照片4: ,https://www.order.com.tw/data/case/202509/1758849985210329325.jpg
室內設計 | 桃園黃公館照片5: ,https://www.order.com.tw/data/case/202509/1758849986539892847.jpg
室內設計 | 桃園黃公館照片6: ,https://www.order.com.tw/data/case/202509/1758849984882752643.jpg
室內設計 | 桃園黃公館照片7: ,https://www.order.com.tw/data/case/202509/1758850108834300402.jpg
室內設計 | 桃園黃公館照片8: ,https://www.order.com.tw/data/case/202509/1758849990898925852.jpg
室內設計 | 桃園黃公館照片9: ,https://www.order.com.tw/data/case/202509/1758849987988483717.jpg
室內設計 | 桃園黃公館照片10: ,https://www.order.com.tw/data/case/202509/1758849987128475027.jpg
室內設計 | 新竹李公館照片1: ,https://www.order.com.tw/data/case/202509/1757489069404045647.jpg
室內設計 | 新竹李公館照片2: ,https://www.order.com.tw/data/case/202509/1757489068761998189.jpg
室內設計 | 新竹李公館照片3: ,https://www.order.com.tw/data/case/202509/1757489071883610665.jpg
室內設計 | 新竹李公館照片4: ,https://www.order.com.tw/data/case/202509/1757489070820721692.jpg
室內設計 | 新竹李公館照片5: ,https://www.order.com.tw/data/case/202509/1757492979383465111.jpg
室內設計 | 新竹李公館照片6: ,https://www.order.com.tw/data/case/202509/1757489071623013491.jpg
室內設計 | 新竹李公館照片7: ,https://www.order.com.tw/data/case/202509/1757489067581691196.jpg
室內設計 | 新竹李公館照片8: ,https://www.order.com.tw/data/case/202509/1757489072362424978.jpg
室內設計 | 新竹李公館照片9: ,https://www.order.com.tw/data/case/202509/1757493339795934786.jpg
室內設計 | 新竹李公館照片10: ,https://www.order.com.tw/data/case/202509/1757489072177136264.jpg
室內設計 | 台北戴公館照片1: ,https://www.order.com.tw/data/case/202509/1756777955079811249.jpg
室內設計 | 台北戴公館照片2: ,https://www.order.com.tw/data/case/202509/1756777953205913232.jpg
室內設計 | 台北戴公館照片3: ,https://www.order.com.tw/data/case/202509/1756777953099918283.jpg
室內設計 | 台北戴公館照片4: ,https://www.order.com.tw/data/case/202509/1756777954758614502.jpg
室內設計 | 台北戴公館照片5: ,https://www.order.com.tw/data/case/202509/1756777955821221114.jpg
室內設計 | 台北戴公館照片6: ,https://www.order.com.tw/data/case/202509/1756777956171423647.jpg
室內設計 | 台北戴公館照片7: ,https://www.order.com.tw/data/case/202509/1756777956494730204.jpg
室內設計 | 台北戴公館照片8: ,https://www.order.com.tw/data/case/202509/1756777957870143019.jpg
室內設計 | 台北戴公館照片9: ,https://www.order.com.tw/data/case/202509/1756777957976699586.jpg
室內設計 | 新店張公館照片1: ,https://www.order.com.tw/data/case/202508/1756260851475410384.jpg
室內設計 | 新店張公館照片2: ,https://www.order.com.tw/data/case/202508/1756260852467449465.jpg
室內設計 | 新店張公館照片3: ,https://www.order.com.tw/data/case/202508/1756260853803792394.jpg
室內設計 | 新店張公館照片4: ,https://www.order.com.tw/data/case/202508/1756260853264922828.jpg
室內設計 | 新店張公館照片5: ,https://www.order.com.tw/data/case/202508/1756260854116816328.jpg
室內設計 | 新店張公館照片6: ,https://www.order.com.tw/data/case/202508/1756260851013464076.jpg
室內設計 | 新店張公館照片7: ,https://www.order.com.tw/data/case/202508/1756260850371379296.jpg
室內設計 | 新店張公館照片8: ,https://www.order.com.tw/data/case/202508/1756260849326656447.jpg
室內設計 | 新店張公館照片9: ,https://www.order.com.tw/data/case/202508/1756260848033453457.jpg
室內設計 | 新店張公館照片10: ,https://www.order.com.tw/data/case/202508/1756260849351186805.jpg
室內設計 |汐止陳公館照片1: ,https://www.order.com.tw/data/case/202508/1755668582375564512.jpg
室內設計 |汐止陳公館照片2: ,https://www.order.com.tw/data/case/202508/1755668582798574366.jpg
室內設計 |汐止陳公館照片3: ,https://www.order.com.tw/data/case/202508/1755668583452356425.jpg
室內設計 |汐止陳公館照片4: ,https://www.order.com.tw/data/case/202508/1755668584377017044.jpg
室內設計 |汐止陳公館照片5: ,https://www.order.com.tw/data/case/202508/1755668581040552651.jpg
室內設計 |汐止陳公館照片6: ,https://www.order.com.tw/data/case/202508/1755668585782604099.jpg
室內設計 |汐止陳公館照片7: ,https://www.order.com.tw/data/case/202508/1755668585253524868.jpg
室內設計 |汐止陳公館照片8: ,https://www.order.com.tw/data/case/202508/1755668586611516008.jpg
室內設計 |汐止陳公館照片9: ,https://www.order.com.tw/data/case/202508/1755668579843199901.jpg
室內設計 |汐止陳公館照片10: ,https://www.order.com.tw/data/case/202508/1755668580550540670.jpg
室內設計 | 新竹單公館照片1: ,https://www.order.com.tw/data/case/202508/1755149651154658176.jpg
室內設計 | 新竹單公館照片2: ,https://www.order.com.tw/data/case/202508/1755149652833475193.jpg
室內設計 | 新竹單公館照片3: ,https://www.order.com.tw/data/case/202508/1755149650669683656.jpg
室內設計 | 新竹單公館照片4: ,https://www.order.com.tw/data/case/202508/1755149649416009907.jpg
室內設計 | 新竹單公館照片5: ,https://www.order.com.tw/data/case/202508/1755149652917753494.jpg
室內設計 | 新竹單公館照片6: ,https://www.order.com.tw/data/case/202508/1755149651490163132.jpg
室內設計 | 新竹單公館照片7: ,https://www.order.com.tw/data/case/202508/1755149653688395302.jpg
室內設計 | 新竹單公館照片8: ,https://www.order.com.tw/data/case/202508/1755149649697012912.jpg
室內設計 | 新竹單公館照片9: ,https://www.order.com.tw/data/case/202508/1755149654497017713.jpg
室內設計 | 新竹單公館照片10: ,https://www.order.com.tw/data/case/202508/1755149654251622243.jpg
室內設計 | 桃園陳公館照片1: ,https://www.order.com.tw/data/case/202508/1754277964938981858.jpg
室內設計 | 桃園陳公館照片2: ,https://www.order.com.tw/data/case/202508/1754360178325725867.jpg
室內設計 | 桃園陳公館照片3: ,https://www.order.com.tw/data/case/202508/1754277969842188760.jpg
室內設計 | 桃園陳公館照片4: ,https://www.order.com.tw/data/case/202508/1754277964237828700.jpg
室內設計 | 桃園陳公館照片5: ,https://www.order.com.tw/data/case/202508/1754277968210198556.jpg
室內設計 | 桃園陳公館照片6: ,https://www.order.com.tw/data/case/202508/1754277967315279184.jpg
室內設計 | 桃園陳公館照片7: ,https://www.order.com.tw/data/case/202508/1754277965319212396.jpg
室內設計 | 桃園陳公館照片8: ,https://www.order.com.tw/data/case/202508/1754277973780956511.jpg
室內設計 | 桃園陳公館照片9: ,https://www.order.com.tw/data/case/202508/1754277974896506224.jpg
室內設計 | 桃園陳公館照片10: ,https://www.order.com.tw/data/case/202508/1754277970012856267.jpg
室內設計 | 屏東黃公館照片1: ,https://www.order.com.tw/data/case/202507/1753684298381171008.jpg
室內設計 | 屏東黃公館照片2: ,https://www.order.com.tw/data/case/202507/1753684299011970808.jpg
室內設計 | 屏東黃公館照片3: ,https://www.order.com.tw/data/case/202507/1753684300606009084.jpg
室內設計 | 屏東黃公館照片4: ,https://www.order.com.tw/data/case/202507/1753684300147841433.jpg
室內設計 | 屏東黃公館照片5: ,https://www.order.com.tw/data/case/202507/1753684301530019005.jpg
室內設計 | 屏東黃公館照片6: ,https://www.order.com.tw/data/case/202507/1753684302248441188.jpg
室內設計 | 屏東黃公館照片7: ,https://www.order.com.tw/data/case/202507/1753684301078737655.jpg
室內設計 | 屏東黃公館照片8: ,https://www.order.com.tw/data/case/202507/1753684302312726666.jpg
室內設計 | 屏東黃公館照片9: ,https://www.order.com.tw/data/case/202507/1753684303548042696.jpg
室內設計 | 屏東黃公館照片10: ,https://www.order.com.tw/data/case/202507/1753684303084443075.jpg
室內設計 | 台北陳公館照片1: ,https://www.order.com.tw/data/case/202507/1752823452976092433.jpg
室內設計 | 台北陳公館照片2: ,https://www.order.com.tw/data/case/202507/1752823453582176486.jpg
室內設計 | 台北陳公館照片3: ,https://www.order.com.tw/data/case/202507/1752823453421459569.jpg
室內設計 | 台北陳公館照片4: ,https://www.order.com.tw/data/case/202507/1752823455376077098.jpg
室內設計 | 台北陳公館照片5: ,https://www.order.com.tw/data/case/202507/1752823455175520609.jpg
室內設計 | 台北陳公館照片6: ,https://www.order.com.tw/data/case/202507/1752823456470829745.jpg
室內設計 | 台北陳公館照片7: ,https://www.order.com.tw/data/case/202507/1752823592769693150.jpg
室內設計 | 台北陳公館照片8: ,https://www.order.com.tw/data/case/202507/1752823459647291160.jpg
室內設計 | 台北陳公館照片9: ,https://www.order.com.tw/data/case/202507/1752823457443202327.jpg
室內設計 | 台北陳公館照片10: ,https://www.order.com.tw/data/case/202507/1752823458425630680.jpg
室內設計 | 新店劉公館照片1: ,https://www.order.com.tw/data/case/202507/1752205132748057492.jpg
室內設計 | 新店劉公館照片2: ,https://www.order.com.tw/data/case/202507/1752205134379272155.jpg
室內設計 | 新店劉公館照片3: ,https://www.order.com.tw/data/case/202507/1752205134628368094.jpg
室內設計 | 新店劉公館照片4: ,https://www.order.com.tw/data/case/202507/1752205132488975145.jpg
室內設計 | 新店劉公館照片5: ,https://www.order.com.tw/data/case/202507/1752205130624583337.jpg
室內設計 | 新店劉公館照片6: ,https://www.order.com.tw/data/case/202507/1752205131884344614.jpg
室內設計 | 新店劉公館照片7: ,https://www.order.com.tw/data/case/202507/1752205133161846708.jpg
室內設計 | 新店劉公館照片8: ,https://www.order.com.tw/data/case/202507/1752205135447291655.jpg
室內設計 | 新店劉公館照片9: ,https://www.order.com.tw/data/case/202507/1752205135515285821.jpg
室內設計 | 新店劉公館照片10: ,https://www.order.com.tw/data/case/202507/1752205335147656528.jpg
室內設計 | 高雄蔣公館照片1: ,https://www.order.com.tw/data/case/202507/1751428706995975829.jpg
室內設計 | 高雄蔣公館照片2: ,https://www.order.com.tw/data/case/202507/1751428707278801978.jpg
室內設計 | 高雄蔣公館照片3: ,https://www.order.com.tw/data/case/202507/1751428709862955124.jpg
室內設計 | 高雄蔣公館照片4: ,https://www.order.com.tw/data/case/202507/1751428709140973697.jpg
室內設計 | 高雄蔣公館照片5: ,https://www.order.com.tw/data/case/202507/1751428705467958804.jpg
室內設計 | 高雄蔣公館照片6: ,https://www.order.com.tw/data/case/202507/1751428706906703542.jpg
室內設計 | 高雄蔣公館照片7: ,https://www.order.com.tw/data/case/202507/1751428707686729670.jpg
室內設計 | 高雄蔣公館照片8: ,https://www.order.com.tw/data/case/202507/1751428704826954799.jpg
室內設計 | 高雄蔣公館照片9: ,https://www.order.com.tw/data/case/202507/1751428704895809540.jpg
室內設計 | 高雄蔣公館照片10: ,https://www.order.com.tw/data/case/202507/1751428707700992980.jpg
室內設計 | 台中盧公館照片1: ,https://www.order.com.tw/data/case/202506/1750918450360589009.jpg
室內設計 | 台中盧公館照片2: ,https://www.order.com.tw/data/case/202506/1750918452425566233.jpg
室內設計 | 台中盧公館照片3: ,https://www.order.com.tw/data/case/202506/1750918449691812594.jpg
室內設計 | 台中盧公館照片4: ,https://www.order.com.tw/data/case/202506/1750918449969449021.jpg
室內設計 | 台中盧公館照片5: ,https://www.order.com.tw/data/case/202506/1750918450616254765.jpg
室內設計 | 台中盧公館照片6: ,https://www.order.com.tw/data/case/202506/1750918447903156917.jpg
室內設計 | 台中盧公館照片7: ,https://www.order.com.tw/data/case/202506/1750918446530908664.jpg
室內設計 | 台中盧公館照片8: ,https://www.order.com.tw/data/case/202506/1750918445640790154.jpg
室內設計 | 台中盧公館照片9: ,https://www.order.com.tw/data/case/202506/1750918446770824109.jpg
室內設計 | 台中盧公館照片10: ,https://www.order.com.tw/data/case/202506/1750918444638998805.jpg
室內設計 | 台北羅公館照片1: ,https://www.order.com.tw/data/case/202506/1750231624062994501.jpg
室內設計 | 台北羅公館照片2: ,https://www.order.com.tw/data/case/202506/1750231622343333701.jpg
室內設計 | 台北羅公館照片3: ,https://www.order.com.tw/data/case/202506/1750231626211243867.jpg
室內設計 | 台北羅公館照片4: ,https://www.order.com.tw/data/case/202506/1750231623780788099.jpg
室內設計 | 台北羅公館照片5: ,https://www.order.com.tw/data/case/202506/1750231627514082164.jpg
室內設計 | 台北羅公館照片6: ,https://www.order.com.tw/data/case/202506/1750231621550724658.jpg
室內設計 | 台北羅公館照片7: ,https://www.order.com.tw/data/case/202506/1750231622436333893.jpg
室內設計 | 台北羅公館照片8: ,https://www.order.com.tw/data/case/202506/1750231617105400917.jpg
室內設計 | 台北羅公館照片9: ,https://www.order.com.tw/data/case/202506/1750231619810672480.jpg
室內設計 | 台北羅公館照片10: ,https://www.order.com.tw/data/case/202506/1750231618898201396.jpg
室內設計 | 林口王公館照片1: ,https://www.order.com.tw/data/case/202505/1748502731326640275.jpg
室內設計 | 林口王公館照片2: ,https://www.order.com.tw/data/case/202505/1748502731453726629.jpg
室內設計 | 林口王公館照片3: ,https://www.order.com.tw/data/case/202505/1748502734710668176.jpg
室內設計 | 林口王公館照片4: ,https://www.order.com.tw/data/case/202505/1748502732222568573.jpg
室內設計 | 林口王公館照片5: ,https://www.order.com.tw/data/case/202505/1748502736048239910.jpg
室內設計 | 林口王公館照片6: ,https://www.order.com.tw/data/case/202505/1748502733801216217.jpg
室內設計 | 林口王公館照片7: ,https://www.order.com.tw/data/case/202505/1748502735768534375.jpg
室內設計 | 林口王公館照片8: ,https://www.order.com.tw/data/case/202505/1748502738222048061.jpg
室內設計 | 林口王公館照片9: ,https://www.order.com.tw/data/case/202505/1748502739915831337.jpg
室內設計 | 林口王公館照片10: ,https://www.order.com.tw/data/case/202505/1748502737468128150.jpg
室內設計 | 高雄林公館照片1: ,https://www.order.com.tw/data/case/202505/1747378131510958599.jpg
室內設計 | 高雄林公館照片2: ,https://www.order.com.tw/data/case/202505/1747378130410385447.jpg
室內設計 | 高雄林公館照片3: ,https://www.order.com.tw/data/case/202505/1747378629540123466.jpg
室內設計 | 高雄林公館照片4: ,https://www.order.com.tw/data/case/202505/1747378132641734689.jpg
室內設計 | 高雄林公館照片5: ,https://www.order.com.tw/data/case/202505/1747378132851013564.jpg
室內設計 | 高雄林公館照片6: ,https://www.order.com.tw/data/case/202505/1747378131070240423.jpg
室內設計 | 高雄林公館照片7: ,https://www.order.com.tw/data/case/202505/1747378133341875246.jpg
室內設計 | 高雄林公館照片8: ,https://www.order.com.tw/data/case/202505/1747378133363087574.jpg
室內設計 | 高雄林公館照片9: ,https://www.order.com.tw/data/case/202505/1747378129262456563.jpg
室內設計 | 高雄林公館照片10: ,https://www.order.com.tw/data/case/202505/1747378129709983474.jpg
室內設計 | 台中劉公館照片1: ,https://www.order.com.tw/data/case/202505/1746672374842661548.jpg
室內設計 | 台中劉公館照片2: ,https://www.order.com.tw/data/case/202505/1746672378549677121.jpg
室內設計 | 台中劉公館照片3: ,https://www.order.com.tw/data/case/202505/1746673759336018882.jpg
室內設計 | 台中劉公館照片4: ,https://www.order.com.tw/data/case/202505/1746672373194986554.jpg
室內設計 | 台中劉公館照片5: ,https://www.order.com.tw/data/case/202505/1746672379777586709.jpg
室內設計 | 台中劉公館照片6: ,https://www.order.com.tw/data/case/202505/1746672380458968132.jpg
室內設計 | 台中劉公館照片7: ,https://www.order.com.tw/data/case/202505/1746672382244868097.jpg
室內設計 | 台中劉公館照片8: ,https://www.order.com.tw/data/case/202505/1746673885767626451.jpg
室內設計 | 台中劉公館照片9: ,https://www.order.com.tw/data/case/202505/1746672376173327498.jpg
室內設計 | 台中劉公館照片10: ,https://www.order.com.tw/data/case/202505/1746672369723621890.jpg
室內設計 | 高雄楊公館照片1: ,https://www.order.com.tw/data/case/202504/1745466178180359083.jpg
室內設計 | 高雄楊公館照片2: ,https://www.order.com.tw/data/case/202504/1745466180100179488.jpg
室內設計 | 高雄楊公館照片3: ,https://www.order.com.tw/data/case/202504/1745466177579800816.jpg
室內設計 | 高雄楊公館照片4: ,https://www.order.com.tw/data/case/202504/1745466176582421282.jpg
室內設計 | 高雄楊公館照片5: ,https://www.order.com.tw/data/case/202504/1745466181804553298.jpg
室內設計 | 高雄楊公館照片6: ,https://www.order.com.tw/data/case/202504/1745471309042619942.jpg
室內設計 | 高雄楊公館照片7: ,https://www.order.com.tw/data/case/202504/1745466184872989841.jpg
室內設計 | 高雄楊公館照片8: ,https://www.order.com.tw/data/case/202504/1745466182027741363.jpg
室內設計 | 高雄楊公館照片9: ,https://www.order.com.tw/data/case/202504/1745466182244213063.jpg
室內設計 | 高雄楊公館照片10: ,https://www.order.com.tw/data/case/202504/1745466186497138753.jpg
室內設計 | 新竹林公館照片1: ,https://www.order.com.tw/data/case/202503/1742525227595088936.jpg
室內設計 | 新竹林公館照片2: ,https://www.order.com.tw/data/case/202503/1742525228323933163.jpg
室內設計 | 新竹林公館照片3: ,https://www.order.com.tw/data/case/202503/1742525226904595354.jpg
室內設計 | 新竹林公館照片4: ,https://www.order.com.tw/data/case/202503/1742525228471186141.jpg
室內設計 | 新竹林公館照片5: ,https://www.order.com.tw/data/case/202503/1742525229885400038.jpg
室內設計 | 新竹林公館照片6: ,https://www.order.com.tw/data/case/202503/1742525229143311159.jpg
室內設計 | 新竹林公館照片7: ,https://www.order.com.tw/data/case/202503/1742525231183248308.jpg
室內設計 | 新竹林公館照片8: ,https://www.order.com.tw/data/case/202503/1742525230135711349.jpg
室內設計 | 新竹林公館照片9: ,https://www.order.com.tw/data/case/202503/1742525224583394931.jpg
室內設計 | 新竹林公館照片10: ,https://www.order.com.tw/data/case/202503/1742525224336773894.jpg
室內設計 | 苗栗張公館照片1: ,https://www.order.com.tw/data/case/202503/1741662767805313976.jpg
室內設計 | 苗栗張公館照片2: ,https://www.order.com.tw/data/case/202503/1741662766268896701.jpg
室內設計 | 苗栗張公館照片3: ,https://www.order.com.tw/data/case/202503/1741662767066215252.jpg
室內設計 | 苗栗張公館照片4: ,https://www.order.com.tw/data/case/202503/1741662768905365371.jpg
室內設計 | 苗栗張公館照片5: ,https://www.order.com.tw/data/case/202503/1741662768391737439.jpg
室內設計 | 苗栗張公館照片6: ,https://www.order.com.tw/data/case/202503/1741662769802858097.jpg
室內設計 | 苗栗張公館照片7: ,https://www.order.com.tw/data/case/202503/1741663744274017816.jpg
室內設計 | 苗栗張公館照片8: ,https://www.order.com.tw/data/case/202503/1741662772442454823.jpg
室內設計 | 苗栗張公館照片9: ,https://www.order.com.tw/data/case/202503/1741662855912181581.jpg
室內設計 | 新北曾公館照片1: ,https://www.order.com.tw/data/case/202502/1740453042459070106.jpg
室內設計 | 新北曾公館照片2: ,https://www.order.com.tw/data/case/202502/1740453043993258069.jpg
室內設計 | 新北曾公館照片3: ,https://www.order.com.tw/data/case/202502/1740453043612803311.jpg
室內設計 | 新北曾公館照片4: ,https://www.order.com.tw/data/case/202502/1740453041804971323.jpg
室內設計 | 新北曾公館照片5: ,https://www.order.com.tw/data/case/202502/1740453041171758258.jpg
室內設計 | 新北曾公館照片6: ,https://www.order.com.tw/data/case/202502/1740453042059074922.jpg
室內設計 | 新北曾公館照片7: ,https://www.order.com.tw/data/case/202502/1740453040566573833.jpg
室內設計 | 新北曾公館照片8: ,https://www.order.com.tw/data/case/202502/1740453040079069880.jpg
室內設計 | 新北曾公館照片9: ,https://www.order.com.tw/data/case/202502/1740453040238343270.jpg
室內設計 | 新北曾公館照片10: ,https://www.order.com.tw/data/case/202502/1740453131916051392.jpg
室內設計 | 台中林公館照片1: ,https://www.order.com.tw/data/case/202502/1739325918030571708.jpg
室內設計 | 台中林公館照片2: ,https://www.order.com.tw/data/case/202502/1739325919773105827.jpg
室內設計 | 台中林公館照片3: ,https://www.order.com.tw/data/case/202502/1739325917464812822.jpg
室內設計 | 台中林公館照片4: ,https://www.order.com.tw/data/case/202502/1739325918994695735.jpg
室內設計 | 台中林公館照片5: ,https://www.order.com.tw/data/case/202502/1739325917638212155.jpg
室內設計 | 台中林公館照片6: ,https://www.order.com.tw/data/case/202502/1739325918453839398.jpg
室內設計 | 台中林公館照片7: ,https://www.order.com.tw/data/case/202502/1739325916092004548.jpg
室內設計 | 台中林公館照片8: ,https://www.order.com.tw/data/case/202502/1739325915751068347.jpg
室內設計 | 台中林公館照片9: ,https://www.order.com.tw/data/case/202502/1739325915974482083.jpg
室內設計 | 台中林公館照片10: ,https://www.order.com.tw/data/case/202502/1739325916020342189.jpg
室內設計 | 苗栗林公館照片1: ,https://www.order.com.tw/data/case/202501/1736140423317692932.jpg
室內設計 | 苗栗林公館照片2: ,https://www.order.com.tw/data/case/202501/1736140424420812460.jpg
室內設計 | 苗栗林公館照片3: ,https://www.order.com.tw/data/case/202501/1736140426625467689.jpg
室內設計 | 苗栗林公館照片4: ,https://www.order.com.tw/data/case/202501/1736140424234484780.jpg
室內設計 | 苗栗林公館照片5: ,https://www.order.com.tw/data/case/202501/1736140424741993252.jpg
室內設計 | 苗栗林公館照片6: ,https://www.order.com.tw/data/case/202501/1736140426340545390.jpg
室內設計 | 苗栗林公館照片7: ,https://www.order.com.tw/data/case/202501/1736140425247172542.jpg
室內設計 | 苗栗林公館照片8: ,https://www.order.com.tw/data/case/202501/1736140427545908776.jpg
室內設計 | 苗栗林公館照片9: ,https://www.order.com.tw/data/case/202501/1736140427702421754.jpg
室內設計 | 苗栗林公館照片10: ,https://www.order.com.tw/data/case/202501/1736140427124300616.jpg
室內設計 | 台中郭公館照片1: ,https://www.order.com.tw/data/case/202412/1735270995088955194.jpg
室內設計 | 台中郭公館照片2: ,https://www.order.com.tw/data/case/202412/1735270997106271047.jpg
室內設計 | 台中郭公館照片3: ,https://www.order.com.tw/data/case/202412/1735270996747610833.jpg
室內設計 | 台中郭公館照片4: ,https://www.order.com.tw/data/case/202412/1735270994873699589.jpg
室內設計 | 台中郭公館照片5: ,https://www.order.com.tw/data/case/202412/1735270996597978396.jpg
室內設計 | 台中郭公館照片6: ,https://www.order.com.tw/data/case/202412/1735270995425298583.jpg
室內設計 | 台中郭公館照片7: ,https://www.order.com.tw/data/case/202412/1735270997047735575.jpg
室內設計 | 台中郭公館照片8: ,https://www.order.com.tw/data/case/202412/1735270994149765401.jpg
室內設計 | 台中郭公館照片9: ,https://www.order.com.tw/data/case/202412/1735270993981023677.jpg
室內設計 | 台中郭公館照片10: ,https://www.order.com.tw/data/case/202412/1735270993686362416.jpg
室內設計 | 桃園陳公館照片1: ,https://www.order.com.tw/data/case/202412/1733893998685703442.jpg
室內設計 | 桃園陳公館照片2: ,https://www.order.com.tw/data/case/202412/1733893999187925602.jpg
室內設計 | 桃園陳公館照片3: ,https://www.order.com.tw/data/case/202412/1733893998277193411.jpg
室內設計 | 桃園陳公館照片4: ,https://www.order.com.tw/data/case/202412/1733894000161361493.jpg
室內設計 | 桃園陳公館照片5: ,https://www.order.com.tw/data/case/202412/1733893997309139331.jpg
室內設計 | 桃園陳公館照片6: ,https://www.order.com.tw/data/case/202412/1733894001434268068.jpg
室內設計 | 桃園陳公館照片7: ,https://www.order.com.tw/data/case/202412/1733894002677726784.jpg
室內設計 | 桃園陳公館照片8: ,https://www.order.com.tw/data/case/202412/1733894001256076101.jpg
室內設計 | 桃園陳公館照片9: ,https://www.order.com.tw/data/case/202412/1733894002360795093.jpg
室內設計 | 桃園陳公館照片10: ,https://www.order.com.tw/data/case/202412/1733894003302878197.jpg
室內設計 | 桃園侯公館照片1: ,https://www.order.com.tw/data/case/202411/1732241668598121266.jpg
室內設計 | 桃園侯公館照片2: ,https://www.order.com.tw/data/case/202411/1732241669410724553.jpg
室內設計 | 桃園侯公館照片3: ,https://www.order.com.tw/data/case/202411/1732241670305388202.jpg
室內設計 | 桃園侯公館照片4: ,https://www.order.com.tw/data/case/202411/1732241669273272344.jpg
室內設計 | 桃園侯公館照片5: ,https://www.order.com.tw/data/case/202411/1732241668337186918.jpg
室內設計 | 桃園侯公館照片6: ,https://www.order.com.tw/data/case/202411/1732241670591008067.jpg
室內設計 | 桃園侯公館照片7: ,https://www.order.com.tw/data/case/202411/1732241671919995388.jpg
室內設計 | 桃園侯公館照片8: ,https://www.order.com.tw/data/case/202411/1732241671618673975.jpg
室內設計 | 桃園侯公館照片9: ,https://www.order.com.tw/data/case/202411/1732241672779928401.jpg
室內設計 | 桃園侯公館照片10: ,https://www.order.com.tw/data/case/202411/1732241672384010466.jpg
室內設計 | 台中梁公館照片1: ,https://www.order.com.tw/data/case/202410/1729649905424447881.jpg
室內設計 | 台中梁公館照片2: ,https://www.order.com.tw/data/case/202410/1729649899032729236.jpg
室內設計 | 台中梁公館照片3: ,https://www.order.com.tw/data/case/202410/1729649904665522573.jpg
室內設計 | 台中梁公館照片4: ,https://www.order.com.tw/data/case/202410/1729649902088434536.jpg
室內設計 | 台中梁公館照片5: ,https://www.order.com.tw/data/case/202410/1729649906790023373.jpg
室內設計 | 台中梁公館照片6: ,https://www.order.com.tw/data/case/202410/1729649900372529208.jpg
室內設計 | 台中梁公館照片7: ,https://www.order.com.tw/data/case/202410/1729649901418507949.jpg
室內設計 | 台中梁公館照片8: ,https://www.order.com.tw/data/case/202410/1729649903728621626.jpg
室內設計 | 台中梁公館照片9: ,https://www.order.com.tw/data/case/202410/1729649904617233933.jpg
室內設計 | 台中梁公館照片10: ,https://www.order.com.tw/data/case/202410/1729649907723792852.jpg
室內設計 | 高雄鄭公館照片1: ,https://www.order.com.tw/data/case/202410/1729131204645289884.jpg
室內設計 | 高雄鄭公館照片2: ,https://www.order.com.tw/data/case/202410/1729131201515057399.jpg
室內設計 | 高雄鄭公館照片3: ,https://www.order.com.tw/data/case/202410/1729131202284388335.jpg
室內設計 | 高雄鄭公館照片4: ,https://www.order.com.tw/data/case/202410/1729131204487283788.jpg
室內設計 | 高雄鄭公館照片5: ,https://www.order.com.tw/data/case/202410/1729131203069686941.jpg
室內設計 | 高雄鄭公館照片6: ,https://www.order.com.tw/data/case/202410/1729131202624165334.jpg
室內設計 | 高雄鄭公館照片7: ,https://www.order.com.tw/data/case/202410/1729131198147002516.jpg
室內設計 | 高雄鄭公館照片8: ,https://www.order.com.tw/data/case/202410/1729131198807612759.jpg
室內設計 | 高雄鄭公館照片9: ,https://www.order.com.tw/data/case/202410/1729131199362111167.jpg
室內設計 | 高雄鄭公館照片10: ,https://www.order.com.tw/data/case/202410/1729131199439863806.jpg
室內設計 | 桃園黃公館照片1: ,https://www.order.com.tw/data/case/202410/1728438188472256944.jpg
室內設計 | 桃園黃公館照片2: ,https://www.order.com.tw/data/case/202410/1728438188706538918.jpg
室內設計 | 桃園黃公館照片3: ,https://www.order.com.tw/data/case/202410/1728438187989304144.jpg
室內設計 | 桃園黃公館照片4: ,https://www.order.com.tw/data/case/202410/1728438189094662368.jpg
室內設計 | 桃園黃公館照片5: ,https://www.order.com.tw/data/case/202410/1728438187331763533.jpg
室內設計 | 桃園黃公館照片6: ,https://www.order.com.tw/data/case/202410/1728438186692432357.jpg
室內設計 | 桃園黃公館照片7: ,https://www.order.com.tw/data/case/202410/1728438190153898450.jpg
室內設計 | 桃園黃公館照片8: ,https://www.order.com.tw/data/case/202410/1728438190087176553.jpg
室內設計 | 桃園黃公館照片9: ,https://www.order.com.tw/data/case/202410/1728438191801744668.jpg
室內設計 | 桃園黃公館照片10: ,https://www.order.com.tw/data/case/202410/1728438191093338848.jpg
室內設計 | 新竹葉公館照片1: ,https://www.order.com.tw/data/case/202409/1727680852296222126.jpg
室內設計 | 新竹葉公館照片2: ,https://www.order.com.tw/data/case/202409/1727680849609778311.jpg
室內設計 | 新竹葉公館照片3: ,https://www.order.com.tw/data/case/202409/1727680851928865160.jpg
室內設計 | 新竹葉公館照片4: ,https://www.order.com.tw/data/case/202409/1727680849057163991.jpg
室內設計 | 新竹葉公館照片5: ,https://www.order.com.tw/data/case/202409/1727680851908825954.jpg
室內設計 | 新竹葉公館照片6: ,https://www.order.com.tw/data/case/202409/1727680850119153734.jpg
室內設計 | 新竹葉公館照片7: ,https://www.order.com.tw/data/case/202409/1727680850136327946.jpg
室內設計 | 新竹葉公館照片8: ,https://www.order.com.tw/data/case/202409/1727680853634470174.jpg
室內設計 | 新竹葉公館照片9: ,https://www.order.com.tw/data/case/202409/1727680853660087030.jpg
室內設計 | 新竹葉公館照片10: ,https://www.order.com.tw/data/case/202409/1727680848594514290.jpg
室內設計 | 樹林鄭公館照片1: ,https://www.order.com.tw/data/case/202503/1743130224443792185.jpg
室內設計 | 樹林鄭公館照片2: ,https://www.order.com.tw/data/case/202503/1743130223076540805.jpg
室內設計 | 樹林鄭公館照片3: ,https://www.order.com.tw/data/case/202503/1743130226452099462.jpg
室內設計 | 樹林鄭公館照片4: ,https://www.order.com.tw/data/case/202503/1743130225519003386.jpg
室內設計 | 樹林鄭公館照片5: ,https://www.order.com.tw/data/case/202503/1743130224629815196.jpg
室內設計 | 樹林鄭公館照片6: ,https://www.order.com.tw/data/case/202503/1743130227880253125.jpg
室內設計 | 樹林鄭公館照片7: ,https://www.order.com.tw/data/case/202503/1743130226846836820.jpg
室內設計 | 樹林鄭公館照片8: ,https://www.order.com.tw/data/case/202503/1743130220891846039.jpg
室內設計 | 樹林鄭公館照片9: ,https://www.order.com.tw/data/case/202503/1743130219684274587.jpg
室內設計 | 樹林鄭公館照片10: ,https://www.order.com.tw/data/case/202503/1743130221830069556.jpg
室內設計 | 桃園齊公館照片1: ,https://www.order.com.tw/data/case/202409/1726734546338307650.jpg
室內設計 | 桃園齊公館照片2: ,https://www.order.com.tw/data/case/202409/1726734547248313395.jpg
室內設計 | 桃園齊公館照片3: ,https://www.order.com.tw/data/case/202409/1726734545452675498.jpg
室內設計 | 桃園齊公館照片4: ,https://www.order.com.tw/data/case/202409/1726734546162313430.jpg
室內設計 | 桃園齊公館照片5: ,https://www.order.com.tw/data/case/202409/1726734547345020897.jpg
室內設計 | 桃園齊公館照片6: ,https://www.order.com.tw/data/case/202409/1726734548886623220.jpg
室內設計 | 桃園齊公館照片7: ,https://www.order.com.tw/data/case/202409/1726734543749669676.jpg
室內設計 | 桃園齊公館照片8: ,https://www.order.com.tw/data/case/202409/1726734544389167120.jpg
室內設計 | 桃園齊公館照片9: ,https://www.order.com.tw/data/case/202409/1726734544367024735.jpg
室內設計 | 桃園齊公館照片10: ,https://www.order.com.tw/data/case/202409/1726734545916406895.jpg
室內設計 | 淡水胡公館照片1: ,https://www.order.com.tw/data/case/202409/1726732570839187822.jpg
室內設計 | 淡水胡公館照片2: ,https://www.order.com.tw/data/case/202409/1726732574059012744.jpg
室內設計 | 淡水胡公館照片3: ,https://www.order.com.tw/data/case/202409/1726732569701315314.jpg
室內設計 | 淡水胡公館照片4: ,https://www.order.com.tw/data/case/202409/1726732688228146156.jpg
室內設計 | 淡水胡公館照片5: ,https://www.order.com.tw/data/case/202409/1726732572545371361.jpg
室內設計 | 淡水胡公館照片6: ,https://www.order.com.tw/data/case/202409/1726732571906615392.jpg
室內設計 | 淡水胡公館照片7: ,https://www.order.com.tw/data/case/202409/1726732569345983563.jpg
室內設計 | 淡水胡公館照片8: ,https://www.order.com.tw/data/case/202409/1726732571258562827.jpg
室內設計 | 淡水胡公館照片9: ,https://www.order.com.tw/data/case/202409/1726732572750042885.jpg
室內設計 | 淡水胡公館照片10: ,https://www.order.com.tw/data/case/202409/1726732573397800756.jpg
室內設計 | 台北楊公館照片1: ,https://www.order.com.tw/data/case/202408/1724219624491153434.jpg
室內設計 | 台北楊公館照片2: ,https://www.order.com.tw/data/case/202408/1724219621532281804.jpg
室內設計 | 台北楊公館照片3: ,https://www.order.com.tw/data/case/202408/1724219623075095044.jpg
室內設計 | 台北楊公館照片4: ,https://www.order.com.tw/data/case/202408/1724219622993898513.jpg
室內設計 | 台北楊公館照片5: ,https://www.order.com.tw/data/case/202408/1724219623772493400.jpg
室內設計 | 台北楊公館照片6: ,https://www.order.com.tw/data/case/202408/1724219623476160283.jpg
室內設計 | 台北楊公館照片7: ,https://www.order.com.tw/data/case/202408/1724219619999378135.jpg
室內設計 | 台北楊公館照片8: ,https://www.order.com.tw/data/case/202408/1724219620247246231.jpg
室內設計 | 台北楊公館照片9: ,https://www.order.com.tw/data/case/202408/1724227823869517577.jpg
室內設計 | 台北楊公館照片10: ,https://www.order.com.tw/data/case/202408/1724227824333998010.jpg
室內設計 | 淡水陳公館照片1: ,https://www.order.com.tw/data/case/202408/1723614858448475399.jpg
室內設計 | 淡水陳公館照片2: ,https://www.order.com.tw/data/case/202408/1723614419242058459.jpg
室內設計 | 淡水陳公館照片3: ,https://www.order.com.tw/data/case/202408/1723603832431486745.jpg
室內設計 | 淡水陳公館照片4: ,https://www.order.com.tw/data/case/202408/1723603831636589808.jpg
室內設計 | 淡水陳公館照片5: ,https://www.order.com.tw/data/case/202408/1723614520620964524.jpg
室內設計 | 淡水陳公館照片6: ,https://www.order.com.tw/data/case/202408/1723603830975382242.jpg
室內設計 | 淡水陳公館照片7: ,https://www.order.com.tw/data/case/202408/1723603832644923820.jpg
室內設計 | 淡水陳公館照片8: ,https://www.order.com.tw/data/case/202408/1723603835996278004.jpg
室內設計 | 淡水陳公館照片9: ,https://www.order.com.tw/data/case/202408/1723603834452266026.jpg
室內設計 | 淡水陳公館照片10: ,https://www.order.com.tw/data/case/202408/1723603833447813224.jpg
室內設計 | 新莊童公館照片1: ,https://www.order.com.tw/data/case/202408/1723101725581877802.jpg
室內設計 | 新莊童公館照片2: ,https://www.order.com.tw/data/case/202408/1723101727347270107.jpg
室內設計 | 新莊童公館照片3: ,https://www.order.com.tw/data/case/202408/1723102006168470063.jpg
室內設計 | 新莊童公館照片4: ,https://www.order.com.tw/data/case/202408/1723101727486835934.jpg
室內設計 | 新莊童公館照片5: ,https://www.order.com.tw/data/case/202408/1723101728046424068.jpg
室內設計 | 新莊童公館照片6: ,https://www.order.com.tw/data/case/202408/1723101724517947226.jpg
室內設計 | 新莊童公館照片7: ,https://www.order.com.tw/data/case/202408/1723101724014374830.jpg
室內設計 | 新莊童公館照片8: ,https://www.order.com.tw/data/case/202408/1723101729505293616.jpg
室內設計 | 新莊童公館照片9: ,https://www.order.com.tw/data/case/202408/1723103635517803766.jpg
室內設計 | 台北劉公館照片1: ,https://www.order.com.tw/data/case/202407/1722416662073148327.jpg
室內設計 | 台北劉公館照片2: ,https://www.order.com.tw/data/case/202407/1722417158056168044.jpg
室內設計 | 台北劉公館照片3: ,https://www.order.com.tw/data/case/202407/1722416663812337444.jpg
室內設計 | 台北劉公館照片4: ,https://www.order.com.tw/data/case/202407/1722416665516555037.jpg
室內設計 | 台北劉公館照片5: ,https://www.order.com.tw/data/case/202407/1722416665288517095.jpg
室內設計 | 台北劉公館照片6: ,https://www.order.com.tw/data/case/202407/1722416666820736190.jpg
室內設計 | 台北劉公館照片7: ,https://www.order.com.tw/data/case/202407/1722416668863757250.jpg
室內設計 | 台北劉公館照片8: ,https://www.order.com.tw/data/case/202407/1722416667653940249.jpg
室內設計 | 台北劉公館照片9: ,https://www.order.com.tw/data/case/202407/1722416666156155561.jpg
室內設計 | 台北劉公館照片10: ,https://www.order.com.tw/data/case/202407/1722416667217219489.jpg
室內設計 | 桃園卓公館照片1: ,https://www.order.com.tw/data/case/202407/1721890871335303682.jpg
室內設計 | 桃園卓公館照片2: ,https://www.order.com.tw/data/case/202407/1721890872685944782.jpg
室內設計 | 桃園卓公館照片3: ,https://www.order.com.tw/data/case/202407/1721890873842968396.jpg
室內設計 | 桃園卓公館照片4: ,https://www.order.com.tw/data/case/202407/1721890874979367042.jpg
室內設計 | 桃園卓公館照片5: ,https://www.order.com.tw/data/case/202407/1721890874886865956.jpg
室內設計 | 桃園卓公館照片6: ,https://www.order.com.tw/data/case/202407/1721890873000321177.jpg
室內設計 | 桃園卓公館照片7: ,https://www.order.com.tw/data/case/202407/1721890872482177213.jpg
室內設計 | 桃園卓公館照片8: ,https://www.order.com.tw/data/case/202407/1721890871839294778.jpg
室內設計 | 桃園卓公館照片9: ,https://www.order.com.tw/data/case/202407/1721890875399703721.jpg
室內設計 | 桃園卓公館照片10: ,https://www.order.com.tw/data/case/202407/1721890876642349796.jpg
室內設計 | 桃園王公館照片1: ,https://www.order.com.tw/data/case/202407/1719888347356875849.jpg
室內設計 | 桃園王公館照片2: ,https://www.order.com.tw/data/case/202407/1719888350228605301.jpg
室內設計 | 桃園王公館照片3: ,https://www.order.com.tw/data/case/202407/1719888348012897242.jpg
室內設計 | 桃園王公館照片4: ,https://www.order.com.tw/data/case/202407/1719889046942919917.jpg
室內設計 | 桃園王公館照片5: ,https://www.order.com.tw/data/case/202407/1719889045986747834.jpg
室內設計 | 桃園王公館照片6: ,https://www.order.com.tw/data/case/202407/1719889047677006131.jpg
室內設計 | 桃園王公館照片7: ,https://www.order.com.tw/data/case/202407/1719888350594497116.jpg
室內設計 | 桃園王公館照片8: ,https://www.order.com.tw/data/case/202407/1719889046249974168.jpg
室內設計 | 桃園王公館照片9: ,https://www.order.com.tw/data/case/202407/1719889048589734714.jpg
室內設計 | 桃園王公館照片10: ,https://www.order.com.tw/data/case/202407/1719889048915423521.jpg
室內設計 | 台北夏公館照片1: ,https://www.order.com.tw/data/case/202406/1718596555992368157.jpg
室內設計 | 台北夏公館照片2: ,https://www.order.com.tw/data/case/202406/1718596553080241390.jpg
室內設計 | 台北夏公館照片3: ,https://www.order.com.tw/data/case/202406/1718596554762640241.jpg
室內設計 | 台北夏公館照片4: ,https://www.order.com.tw/data/case/202406/1718596554097528411.jpg
室內設計 | 台北夏公館照片5: ,https://www.order.com.tw/data/case/202406/1718596555716264618.jpg
室內設計 | 台北夏公館照片6: ,https://www.order.com.tw/data/case/202406/1718596556466393360.jpg
室內設計 | 台北夏公館照片7: ,https://www.order.com.tw/data/case/202406/1718596556368332974.jpg
室內設計 | 台北夏公館照片8: ,https://www.order.com.tw/data/case/202406/1718596557088960339.jpg
室內設計 | 台北夏公館照片9: ,https://www.order.com.tw/data/case/202406/1718596557301122701.jpg
室內設計 | 台北夏公館照片10: ,https://www.order.com.tw/data/case/202406/1718596527681171450.jpg
室內設計 | 台南林公館照片1: ,https://www.order.com.tw/data/case/202406/1717640422556858671.jpg
室內設計 | 台南林公館照片2: ,https://www.order.com.tw/data/case/202406/1717640422049361712.jpg
室內設計 | 台南林公館照片3: ,https://www.order.com.tw/data/case/202406/1717640422320885366.jpg
室內設計 | 台南林公館照片4: ,https://www.order.com.tw/data/case/202406/1717640423627172663.jpg
室內設計 | 台南林公館照片5: ,https://www.order.com.tw/data/case/202406/1717640419658916360.jpg
室內設計 | 台南林公館照片6: ,https://www.order.com.tw/data/case/202406/1717640419057053164.jpg
室內設計 | 台南林公館照片7: ,https://www.order.com.tw/data/case/202406/1717640418275171011.jpg
室內設計 | 台南林公館照片8: ,https://www.order.com.tw/data/case/202406/1717640419984282186.jpg
室內設計 | 台南林公館照片9: ,https://www.order.com.tw/data/case/202406/1717640420613502079.jpg
室內設計 | 台南林公館照片10: ,https://www.order.com.tw/data/case/202406/1717640420952917375.jpg
室內設計 | 台中謝公館照片1: ,https://www.order.com.tw/data/case/202405/1717047668492347576.jpg
室內設計 | 台中謝公館照片2: ,https://www.order.com.tw/data/case/202405/1717047668753277668.jpg
室內設計 | 台中謝公館照片3: ,https://www.order.com.tw/data/case/202405/1717047673680628286.jpg
室內設計 | 台中謝公館照片4: ,https://www.order.com.tw/data/case/202405/1717047669441916957.jpg
室內設計 | 台中謝公館照片5: ,https://www.order.com.tw/data/case/202405/1717047670794719871.jpg
室內設計 | 台中謝公館照片6: ,https://www.order.com.tw/data/case/202405/1717047667487994348.jpg
室內設計 | 台中謝公館照片7: ,https://www.order.com.tw/data/case/202405/1717047670203461304.jpg
室內設計 | 台中謝公館照片8: ,https://www.order.com.tw/data/case/202405/1717047671129134094.jpg
室內設計 | 台中謝公館照片9: ,https://www.order.com.tw/data/case/202405/1717047672997867368.jpg
室內設計 | 台中謝公館照片10: ,https://www.order.com.tw/data/case/202405/1717047672701034646.jpg
室內設計 | 北投梁公館照片1: ,https://www.order.com.tw/data/case/202008/1597817969KZ1KW0.jpg
室內設計 | 北投梁公館照片2: ,https://www.order.com.tw/data/case/202008/1597817969N82C90.jpg
室內設計 | 北投梁公館照片3: ,https://www.order.com.tw/data/case/202008/1597817969SK6V50.jpg
室內設計 | 北投梁公館照片4: ,https://www.order.com.tw/data/case/202008/1597817969H32TC0.jpg
室內設計 | 北投梁公館照片5: ,https://www.order.com.tw/data/case/202008/15978179699OTNL0.jpg
室內設計 | 北投梁公館照片6: ,https://www.order.com.tw/data/case/202008/15978179705BTPE0.jpg
室內設計 | 北投梁公館照片7: ,https://www.order.com.tw/data/case/202008/1597817970VXBPM0.jpg
室內設計 | 北投梁公館照片8: ,https://www.order.com.tw/data/case/202008/1597817970CL7F60.jpg
室內設計 | 北投梁公館照片9: ,https://www.order.com.tw/data/case/202008/1597817970E0BMM0.jpg
室內設計 | 北投梁公館照片10: ,https://www.order.com.tw/data/case/202008/1597817970LZ6450.jpg
室內設計 | 五股陳公館照片1: ,https://www.order.com.tw/data/case/202405/1716260441719329536.jpg
室內設計 | 五股陳公館照片2: ,https://www.order.com.tw/data/case/202405/1716260441389198860.jpg
室內設計 | 五股陳公館照片3: ,https://www.order.com.tw/data/case/202405/1716260440686890542.jpg
室內設計 | 五股陳公館照片4: ,https://www.order.com.tw/data/case/202405/1716260440058098744.jpg
室內設計 | 五股陳公館照片5: ,https://www.order.com.tw/data/case/202405/1716260440592608989.jpg
室內設計 | 五股陳公館照片6: ,https://www.order.com.tw/data/case/202405/1716260444983931091.jpg
室內設計 | 五股陳公館照片7: ,https://www.order.com.tw/data/case/202405/1716260443391214327.jpg
室內設計 | 五股陳公館照片8: ,https://www.order.com.tw/data/case/202405/1716260444419510793.jpg
室內設計 | 五股陳公館照片9: ,https://www.order.com.tw/data/case/202405/1716260442207886446.jpg
室內設計 | 五股陳公館照片10: ,https://www.order.com.tw/data/case/202405/1716260442545975410.jpg
室內設計 | 頭份黎公館照片1: ,https://www.order.com.tw/data/case/202008/1597823643K550E0.jpg
室內設計 | 頭份黎公館照片2: ,https://www.order.com.tw/data/case/202008/1597823643JSAAG0.jpg
室內設計 | 頭份黎公館照片3: ,https://www.order.com.tw/data/case/202008/1597823643DZNG00.jpg
室內設計 | 頭份黎公館照片4: ,https://www.order.com.tw/data/case/202008/1597823643J63YZ0.jpg
室內設計 | 頭份黎公館照片5: ,https://www.order.com.tw/data/case/202008/1597823644HR1WC0.jpg
室內設計 | 頭份黎公館照片6: ,https://www.order.com.tw/data/case/202008/1597823644YORR80.jpg
室內設計 | 頭份黎公館照片7: ,https://www.order.com.tw/data/case/202008/15978236444OVT30.jpg
室內設計 | 頭份黎公館照片8: ,https://www.order.com.tw/data/case/202008/1597823644UD6MC0.jpg
室內設計 | 頭份黎公館照片9: ,https://www.order.com.tw/data/case/202008/1597823644SD01O0.jpg
室內設計 | 頭份黎公館照片10: ,https://www.order.com.tw/data/case/202008/1597823644NDFWY0.jpg
室內設計 | 新竹陳公館照片1: ,https://www.order.com.tw/data/case/202405/1715741883969517638.jpg
室內設計 | 新竹陳公館照片2: ,https://www.order.com.tw/data/case/202405/1715741884114362773.jpg
室內設計 | 新竹陳公館照片3: ,https://www.order.com.tw/data/case/202405/1715741883761403418.jpg
室內設計 | 新竹陳公館照片4: ,https://www.order.com.tw/data/case/202405/1715741883880225887.jpg
室內設計 | 新竹陳公館照片5: ,https://www.order.com.tw/data/case/202405/1715741885822760819.jpg
室內設計 | 新竹陳公館照片6: ,https://www.order.com.tw/data/case/202405/1715741885725133713.jpg
室內設計 | 新竹陳公館照片7: ,https://www.order.com.tw/data/case/202405/1715741884253993172.jpg
室內設計 | 新竹陳公館照片8: ,https://www.order.com.tw/data/case/202405/1715741881989487517.jpg
室內設計 | 新竹陳公館照片9: ,https://www.order.com.tw/data/case/202405/1715741881683456407.jpg
室內設計 | 新竹陳公館照片10: ,https://www.order.com.tw/data/case/202405/1715741882719732378.jpg
室內設計 | 桃園陳公館照片1: ,https://www.order.com.tw/data/case/202405/1715239890687333551.jpg
室內設計 | 桃園陳公館照片2: ,https://www.order.com.tw/data/case/202405/1715239891670919213.jpg
室內設計 | 桃園陳公館照片3: ,https://www.order.com.tw/data/case/202405/1715239893087434556.jpg
室內設計 | 桃園陳公館照片4: ,https://www.order.com.tw/data/case/202405/1715239893098055333.jpg
室內設計 | 桃園陳公館照片5: ,https://www.order.com.tw/data/case/202405/1715239892906771803.jpg
室內設計 | 桃園陳公館照片6: ,https://www.order.com.tw/data/case/202405/1715239891706819961.jpg
室內設計 | 桃園陳公館照片7: ,https://www.order.com.tw/data/case/202405/1715239892363599554.jpg
室內設計 | 桃園陳公館照片8: ,https://www.order.com.tw/data/case/202405/1715239894523097379.jpg
室內設計 | 桃園陳公館照片9: ,https://www.order.com.tw/data/case/202405/1715239894319191315.jpg
室內設計 | 桃園陳公館照片10: ,https://www.order.com.tw/data/case/202405/1715239894177753211.jpg
室內設計 | 新店 Burgess Family照片1: ,https://www.order.com.tw/data/case/201912/1576569375ZY5R01.jpg
室內設計 | 新店 Burgess Family照片2: ,https://www.order.com.tw/data/case/201912/1576569375G8N861.jpg
室內設計 | 新店 Burgess Family照片3: ,https://www.order.com.tw/data/case/201912/1576569376H9CVE1.jpg
室內設計 | 新店 Burgess Family照片4: ,https://www.order.com.tw/data/case/201912/1576569377WZSVX1.jpg
室內設計 | 新店 Burgess Family照片5: ,https://www.order.com.tw/data/case/201912/157656937764Q6B1.jpg
室內設計 | 新店 Burgess Family照片6: ,https://www.order.com.tw/data/case/202003/1584587480EGGE01.jpg
室內設計 | 新店 Burgess Family照片7: ,https://www.order.com.tw/data/case/201912/1576569379YEPI31.jpg
室內設計 | 新店 Burgess Family照片8: ,https://www.order.com.tw/data/case/201912/1576569376WD7I61.jpg
室內設計 | 新店 Burgess Family照片9: ,https://www.order.com.tw/data/case/201912/15765693783Z5431.jpg
室內設計 | 新店 Burgess Family照片10: ,https://www.order.com.tw/data/case/201912/15765693781EALN1.jpg
室內設計 | 三重李公館照片1: ,https://www.order.com.tw/data/case/202504/1744004118161569361.jpg
室內設計 | 三重李公館照片2: ,https://www.order.com.tw/data/case/202504/1744003910289788133.jpg
室內設計 | 三重李公館照片3: ,https://www.order.com.tw/data/case/202504/1744003910071297687.jpg
室內設計 | 三重李公館照片4: ,https://www.order.com.tw/data/case/202504/1744003909687907418.jpg
室內設計 | 三重李公館照片5: ,https://www.order.com.tw/data/case/202504/1744003909895935866.jpg
室內設計 | 三重李公館照片6: ,https://www.order.com.tw/data/case/202504/1744003908202506904.jpg
室內設計 | 三重李公館照片7: ,https://www.order.com.tw/data/case/202504/1744003911312313782.jpg
室內設計 | 三重李公館照片8: ,https://www.order.com.tw/data/case/202504/1744003911336740838.jpg
室內設計 | 三重李公館照片9: ,https://www.order.com.tw/data/case/202504/1744003912164683552.jpg
室內設計 | 三重李公館照片10: ,https://www.order.com.tw/data/case/202504/1744003913773178888.jpg
室內設計 | 新北王公館照片1: ,https://www.order.com.tw/data/case/202409/1725414890722755333.jpg
室內設計 | 新北王公館照片2: ,https://www.order.com.tw/data/case/202409/1725414893382244046.jpg
室內設計 | 新北王公館照片3: ,https://www.order.com.tw/data/case/202409/1725414894698295458.jpg
室內設計 | 新北王公館照片4: ,https://www.order.com.tw/data/case/202409/1725414893246429211.jpg
室內設計 | 新北王公館照片5: ,https://www.order.com.tw/data/case/202409/1725414890395472961.jpg
室內設計 | 新北王公館照片6: ,https://www.order.com.tw/data/case/202409/1725414892499438389.jpg
室內設計 | 新北王公館照片7: ,https://www.order.com.tw/data/case/202409/1725414895818542059.jpg
室內設計 | 新北王公館照片8: ,https://www.order.com.tw/data/case/202409/1725414891921088225.jpg
室內設計 | 新北王公館照片9: ,https://www.order.com.tw/data/case/202409/1725414895982227304.jpg
室內設計 | 新北王公館照片10: ,https://www.order.com.tw/data/case/202409/1725414896157145382.jpg
室內設計 | 台中呂公館照片1: ,https://www.order.com.tw/data/case/202008/1597200965KSWDL0.jpg
室內設計 | 台中呂公館照片2: ,https://www.order.com.tw/data/case/202008/159720097548TXB0.jpg
室內設計 | 台中呂公館照片3: ,https://www.order.com.tw/data/case/202008/15972009662Y80P0.jpg
室內設計 | 台中呂公館照片4: ,https://www.order.com.tw/data/case/202008/1597200966GCRU70.jpg
室內設計 | 台中呂公館照片5: ,https://www.order.com.tw/data/case/202008/159720096660EK10.jpg
室內設計 | 台中呂公館照片6: ,https://www.order.com.tw/data/case/202008/15972009660G6S80.jpg
室內設計 | 台中呂公館照片7: ,https://www.order.com.tw/data/case/202008/15972009656Z6K50.jpg
室內設計 | 台中呂公館照片8: ,https://www.order.com.tw/data/case/202008/15972009659SEKM0.jpg
室內設計 | 台中呂公館照片9: ,https://www.order.com.tw/data/case/202008/15972009657GV1R0.jpg
室內設計 | 台中呂公館照片10: ,https://www.order.com.tw/data/case/202008/1597200965ZN7N10.jpg
室內設計 | 桃園市案例照片1: ,https://www.order.com.tw/data/case/201911/15736957392AGD51.jpg
室內設計 | 桃園市案例照片2: ,https://www.order.com.tw/data/case/201911/1573695739UD5KY1.jpg
室內設計 | 桃園市案例照片3: ,https://www.order.com.tw/data/case/201911/1573695740EL49F1.jpg
室內設計 | 桃園市案例照片4: ,https://www.order.com.tw/data/case/201911/1573695742ZYH431.jpg
室內設計 | 桃園市案例照片5: ,https://www.order.com.tw/data/case/201911/1573695740GB9441.jpg
室內設計 | 桃園市案例照片6: ,https://www.order.com.tw/data/case/201911/1573695741WF0AX1.jpg
室內設計 | 桃園市案例照片7: ,https://www.order.com.tw/data/case/201911/1573695976S3J351.jpg
室內設計 | 桃園市案例照片8: ,https://www.order.com.tw/data/case/201911/1573695742DPS9U1.jpg
室內設計 | 桃園市案例照片9: ,https://www.order.com.tw/data/case/201911/1573695743FBHEP1.jpg
室內設計 | 桃園市案例照片10: ,https://www.order.com.tw/data/case/201911/1573695744VKMI81.jpg
室內設計 | 台南劉公館照片1: ,https://www.order.com.tw/data/case/202404/1713330318099400976.jpg
室內設計 | 台南劉公館照片2: ,https://www.order.com.tw/data/case/202404/1713330318566217871.jpg
室內設計 | 台南劉公館照片3: ,https://www.order.com.tw/data/case/202404/1713330318123708379.jpg
室內設計 | 台南劉公館照片4: ,https://www.order.com.tw/data/case/202404/1713330319264157524.jpg
室內設計 | 台南劉公館照片5: ,https://www.order.com.tw/data/case/202404/1713325467391718496.jpg
室內設計 | 台南劉公館照片6: ,https://www.order.com.tw/data/case/202404/1713325347033800670.jpg
室內設計 | 台南劉公館照片7: ,https://www.order.com.tw/data/case/202404/1713325497843724277.jpg
室內設計 | 台南劉公館照片8: ,https://www.order.com.tw/data/case/202404/1713325567860024993.jpg
室內設計 | 台南劉公館照片9: ,https://www.order.com.tw/data/case/202404/1713325632182830567.jpg
室內設計 | 台南劉公館照片10: ,https://www.order.com.tw/data/case/202404/1713330475679687638.jpg
室內設計 | 台北孫公館照片1: ,https://www.order.com.tw/data/case/202404/1712714374436189775.jpg
室內設計 | 台北孫公館照片2: ,https://www.order.com.tw/data/case/202404/1712714746640643867.jpg
室內設計 | 台北孫公館照片3: ,https://www.order.com.tw/data/case/202404/1712714374162369718.jpg
室內設計 | 台北孫公館照片4: ,https://www.order.com.tw/data/case/202404/1712714376116083935.jpg
室內設計 | 台北孫公館照片5: ,https://www.order.com.tw/data/case/202404/1712714375278866297.jpg
室內設計 | 台北孫公館照片6: ,https://www.order.com.tw/data/case/202404/1712714375413756889.jpg
室內設計 | 台北孫公館照片7: ,https://www.order.com.tw/data/case/202404/1712714376875475835.jpg
室內設計 | 台北孫公館照片8: ,https://www.order.com.tw/data/case/202404/1712714370695544421.jpg
室內設計 | 台北孫公館照片9: ,https://www.order.com.tw/data/case/202404/1712714372076719886.jpg
室內設計 | 台北孫公館照片10: ,https://www.order.com.tw/data/case/202404/1712714377868178754.jpg
室內設計 | 土城李公館照片1: ,https://www.order.com.tw/data/case/202403/1711591601810027439.jpg
室內設計 | 土城李公館照片2: ,https://www.order.com.tw/data/case/202403/1711677635664355675.jpg
室內設計 | 土城李公館照片3: ,https://www.order.com.tw/data/case/202403/1711677637968591626.jpg
室內設計 | 土城李公館照片4: ,https://www.order.com.tw/data/case/202403/1711677636678386491.jpg
室內設計 | 土城李公館照片5: ,https://www.order.com.tw/data/case/202403/1711678000993920990.jpg
室內設計 | 土城李公館照片6: ,https://www.order.com.tw/data/case/202403/1711678000582972364.jpg
室內設計 | 土城李公館照片7: ,https://www.order.com.tw/data/case/202403/1711677636091802828.jpg
室內設計 | 土城李公館照片8: ,https://www.order.com.tw/data/case/202403/1711677635598270488.jpg
室內設計 | 土城李公館照片9: ,https://www.order.com.tw/data/case/202403/1711677639438275259.jpg
室內設計 | 土城李公館照片10: ,https://www.order.com.tw/data/case/202403/1711677639514632001.jpg
室內設計 | 屏東陳公館照片1: ,https://www.order.com.tw/data/case/202403/1710296726472191412.jpg
室內設計 | 屏東陳公館照片2: ,https://www.order.com.tw/data/case/202403/1710296725314292690.jpg
室內設計 | 屏東陳公館照片3: ,https://www.order.com.tw/data/case/202403/1710296725823680974.jpg
室內設計 | 屏東陳公館照片4: ,https://www.order.com.tw/data/case/202403/1710296726882576540.jpg
室內設計 | 屏東陳公館照片5: ,https://www.order.com.tw/data/case/202403/1710296726192110134.jpg
室內設計 | 屏東陳公館照片6: ,https://www.order.com.tw/data/case/202403/1710296722964354551.jpg
室內設計 | 屏東陳公館照片7: ,https://www.order.com.tw/data/case/202403/1710296723534053218.jpg
室內設計 | 屏東陳公館照片8: ,https://www.order.com.tw/data/case/202403/1710296723333746100.jpg
室內設計 | 屏東陳公館照片9: ,https://www.order.com.tw/data/case/202403/1710296723023022235.jpg
室內設計 | 屏東陳公館照片10: ,https://www.order.com.tw/data/case/202403/1710296724838689267.jpg
室內設計 | 高雄陳公館照片1: ,https://www.order.com.tw/data/case/202403/1709609712209057353.jpg
室內設計 | 高雄陳公館照片2: ,https://www.order.com.tw/data/case/202403/1709609714395067053.jpg
室內設計 | 高雄陳公館照片3: ,https://www.order.com.tw/data/case/202403/1709609715588177357.jpg
室內設計 | 高雄陳公館照片4: ,https://www.order.com.tw/data/case/202403/1709609714181507646.jpg
室內設計 | 高雄陳公館照片5: ,https://www.order.com.tw/data/case/202403/1709609713429586399.jpg
室內設計 | 高雄陳公館照片6: ,https://www.order.com.tw/data/case/202403/1709609716270983262.jpg
室內設計 | 高雄陳公館照片7: ,https://www.order.com.tw/data/case/202403/1709609713226741707.jpg
室內設計 | 高雄陳公館照片8: ,https://www.order.com.tw/data/case/202403/1709609717135298972.jpg
室內設計 | 高雄陳公館照片9: ,https://www.order.com.tw/data/case/202403/1709609716601422476.jpg
室內設計 | 新店廖公館照片1: ,https://www.order.com.tw/data/case/202402/1708320753284444920.jpg
室內設計 | 新店廖公館照片2: ,https://www.order.com.tw/data/case/202402/1708320754603148409.jpg
室內設計 | 新店廖公館照片3: ,https://www.order.com.tw/data/case/202402/1708320754810340200.jpg
室內設計 | 新店廖公館照片4: ,https://www.order.com.tw/data/case/202402/1708320755761788771.jpg
室內設計 | 新店廖公館照片5: ,https://www.order.com.tw/data/case/202402/1708320756540239446.jpg
室內設計 | 新店廖公館照片6: ,https://www.order.com.tw/data/case/202402/1708320757849182048.jpg
室內設計 | 新店廖公館照片7: ,https://www.order.com.tw/data/case/202402/1708320751603641436.jpg
室內設計 | 新店廖公館照片8: ,https://www.order.com.tw/data/case/202402/1708320752395006491.jpg
室內設計 | 新店廖公館照片9: ,https://www.order.com.tw/data/case/202402/1708320753213628060.jpg
室內設計 | 新店廖公館照片10: ,https://www.order.com.tw/data/case/202402/1708320753558853866.jpg
室內設計 | 新竹林公館照片1: ,https://www.order.com.tw/data/case/202402/1706861980328091261.jpg
室內設計 | 新竹林公館照片2: ,https://www.order.com.tw/data/case/202402/1706861980041926709.jpg
室內設計 | 新竹林公館照片3: ,https://www.order.com.tw/data/case/202402/1706861982609355026.jpg
室內設計 | 新竹林公館照片4: ,https://www.order.com.tw/data/case/202402/1706861981737743303.jpg
室內設計 | 新竹林公館照片5: ,https://www.order.com.tw/data/case/202402/1706861981699427082.jpg
室內設計 | 新竹林公館照片6: ,https://www.order.com.tw/data/case/202402/1706861981993155918.jpg
室內設計 | 新竹林公館照片7: ,https://www.order.com.tw/data/case/202402/1706861983236325486.jpg
室內設計 | 新竹林公館照片8: ,https://www.order.com.tw/data/case/202402/1706861978083000684.jpg
室內設計 | 新竹林公館照片9: ,https://www.order.com.tw/data/case/202402/1706861980909864340.jpg
室內設計 | 新竹林公館照片10: ,https://www.order.com.tw/data/case/202402/1706861979286102412.jpg
室內設計 | 板橋邱公館照片1: ,https://www.order.com.tw/data/case/202401/1705981293569029798.jpg
室內設計 | 板橋邱公館照片2: ,https://www.order.com.tw/data/case/202401/1705981294855521159.jpg
室內設計 | 板橋邱公館照片3: ,https://www.order.com.tw/data/case/202401/1705981293356619260.jpg
室內設計 | 板橋邱公館照片4: ,https://www.order.com.tw/data/case/202401/1705981292055444697.jpg
室內設計 | 板橋邱公館照片5: ,https://www.order.com.tw/data/case/202401/1705981291712071776.jpg
室內設計 | 板橋邱公館照片6: ,https://www.order.com.tw/data/case/202401/1705981290538451484.jpg
室內設計 | 板橋邱公館照片7: ,https://www.order.com.tw/data/case/202401/1705981291447185347.jpg
室內設計 | 板橋邱公館照片8: ,https://www.order.com.tw/data/case/202401/1705996247336298252.jpg
室內設計 | 板橋邱公館照片9: ,https://www.order.com.tw/data/case/202401/1705981295106086363.jpg
室內設計 | 板橋邱公館照片10: ,https://www.order.com.tw/data/case/202401/1705981294382096637.jpg
室內設計 | 蘆洲陳公館照片1: ,https://www.order.com.tw/data/case/202401/1705283057102009185.jpg
室內設計 | 蘆洲陳公館照片2: ,https://www.order.com.tw/data/case/202401/1705283267234978191.jpg
室內設計 | 蘆洲陳公館照片3: ,https://www.order.com.tw/data/case/202401/1705283057494446474.jpg
室內設計 | 蘆洲陳公館照片4: ,https://www.order.com.tw/data/case/202401/1705283057819943323.jpg
室內設計 | 蘆洲陳公館照片5: ,https://www.order.com.tw/data/case/202401/1705283058561729050.jpg
室內設計 | 蘆洲陳公館照片6: ,https://www.order.com.tw/data/case/202401/1705283221383445878.jpg
室內設計 | 蘆洲陳公館照片7: ,https://www.order.com.tw/data/case/202401/1705283221494571012.jpg
室內設計 | 蘆洲陳公館照片8: ,https://www.order.com.tw/data/case/202401/1705283222918524206.jpg
室內設計 | 蘆洲陳公館照片9: ,https://www.order.com.tw/data/case/202401/1705283223868214526.jpg
室內設計 | 蘆洲陳公館照片10: ,https://www.order.com.tw/data/case/202401/1705283223331462404.jpg
室內設計 | 台北蕭公館照片1: ,https://www.order.com.tw/data/case/202501/1736999424904227469.jpg
室內設計 | 台北蕭公館照片2: ,https://www.order.com.tw/data/case/202501/1736999421519749374.jpg
室內設計 | 台北蕭公館照片3: ,https://www.order.com.tw/data/case/202501/1736999422951879333.jpg
室內設計 | 台北蕭公館照片4: ,https://www.order.com.tw/data/case/202501/1736999425047803653.jpg
室內設計 | 台北蕭公館照片5: ,https://www.order.com.tw/data/case/202501/1736999423535231345.jpg
室內設計 | 台北蕭公館照片6: ,https://www.order.com.tw/data/case/202501/1736999421893023318.jpg
室內設計 | 台北蕭公館照片7: ,https://www.order.com.tw/data/case/202501/1736999421560634852.jpg
室內設計 | 台北蕭公館照片8: ,https://www.order.com.tw/data/case/202501/1736999424228262211.jpg
室內設計 | 台北蕭公館照片9: ,https://www.order.com.tw/data/case/202501/1736999419724589797.jpg
室內設計 | 台北蕭公館照片10: ,https://www.order.com.tw/data/case/202506/1750840067374402414.jpg
室內設計 | 桃園彭公館照片1: ,https://www.order.com.tw/data/case/202401/1704433711911236271.jpg
室內設計 | 桃園彭公館照片2: ,https://www.order.com.tw/data/case/202401/1704433711373426152.jpg
室內設計 | 桃園彭公館照片3: ,https://www.order.com.tw/data/case/202401/1704433712162440597.jpg
室內設計 | 桃園彭公館照片4: ,https://www.order.com.tw/data/case/202401/1704433712680750981.jpg
室內設計 | 桃園彭公館照片5: ,https://www.order.com.tw/data/case/202401/1704433708891364736.jpg
室內設計 | 桃園彭公館照片6: ,https://www.order.com.tw/data/case/202401/1704433708261416143.jpg
室內設計 | 桃園彭公館照片7: ,https://www.order.com.tw/data/case/202401/1704433710052410209.jpg
室內設計 | 桃園彭公館照片8: ,https://www.order.com.tw/data/case/202401/1704433709734222111.jpg
室內設計 | 桃園彭公館照片9: ,https://www.order.com.tw/data/case/202401/1704433709412531890.jpg
室內設計 | 林口李公館照片1: ,https://www.order.com.tw/data/case/202312/1703142329274952335.jpg
室內設計 | 林口李公館照片2: ,https://www.order.com.tw/data/case/202312/1703142329583881857.jpg
室內設計 | 林口李公館照片3: ,https://www.order.com.tw/data/case/202312/1703142330396784145.jpg
室內設計 | 林口李公館照片4: ,https://www.order.com.tw/data/case/202312/1703142328150305474.jpg
室內設計 | 林口李公館照片5: ,https://www.order.com.tw/data/case/202312/1703142326440512276.jpg
室內設計 | 林口李公館照片6: ,https://www.order.com.tw/data/case/202312/1703142328739054568.jpg
室內設計 | 林口李公館照片7: ,https://www.order.com.tw/data/case/202312/1703142326952672878.jpg
室內設計 | 林口李公館照片8: ,https://www.order.com.tw/data/case/202312/1703142327076223269.jpg
室內設計 | 林口李公館照片9: ,https://www.order.com.tw/data/case/202312/1703142325656591510.jpg
室內設計 | 林口李公館照片10: ,https://www.order.com.tw/data/case/202312/1703142325010303605.jpg
室內設計 | 新竹曾公館照片1: ,https://www.order.com.tw/data/case/202312/1702273399433203443.jpg
室內設計 | 新竹曾公館照片2: ,https://www.order.com.tw/data/case/202312/1702273399563425747.jpg
室內設計 | 新竹曾公館照片3: ,https://www.order.com.tw/data/case/202312/1702273400726251863.jpg
室內設計 | 新竹曾公館照片4: ,https://www.order.com.tw/data/case/202312/1702273400763927426.jpg
室內設計 | 新竹曾公館照片5: ,https://www.order.com.tw/data/case/202312/1702273401651534097.jpg
室內設計 | 新竹曾公館照片6: ,https://www.order.com.tw/data/case/202312/1702273402336716126.jpg
室內設計 | 新竹曾公館照片7: ,https://www.order.com.tw/data/case/202312/1702273402356158313.jpg
室內設計 | 新莊簡公館照片1: ,https://www.order.com.tw/data/case/202311/1701312146682610871.jpg
室內設計 | 新莊簡公館照片2: ,https://www.order.com.tw/data/case/202311/1701312147258975068.jpg
室內設計 | 新莊簡公館照片3: ,https://www.order.com.tw/data/case/202311/1701312147962040456.jpg
室內設計 | 新莊簡公館照片4: ,https://www.order.com.tw/data/case/202311/1701314410297765130.jpg
室內設計 | 新莊簡公館照片5: ,https://www.order.com.tw/data/case/202311/1701314410916466683.jpg
室內設計 | 新莊簡公館照片6: ,https://www.order.com.tw/data/case/202311/1701312143118645318.jpg
室內設計 | 新莊簡公館照片7: ,https://www.order.com.tw/data/case/202311/1701312144304820443.jpg
室內設計 | 新莊簡公館照片8: ,https://www.order.com.tw/data/case/202311/1701312141646826288.jpg
室內設計 | 新莊簡公館照片9: ,https://www.order.com.tw/data/case/202311/1701312142159744629.jpg
室內設計 | 新莊簡公館照片10: ,https://www.order.com.tw/data/case/202311/1701312142406014222.jpg
室內設計 | 板橋許公館照片1: ,https://www.order.com.tw/data/case/202311/1700459018045945455.jpg
室內設計 | 板橋許公館照片2: ,https://www.order.com.tw/data/case/202311/1700459018027859831.jpg
室內設計 | 板橋許公館照片3: ,https://www.order.com.tw/data/case/202311/1700459019753865988.jpg
室內設計 | 板橋許公館照片4: ,https://www.order.com.tw/data/case/202311/1700459017672959266.jpg
室內設計 | 板橋許公館照片5: ,https://www.order.com.tw/data/case/202311/1700459019089943883.jpg
室內設計 | 板橋許公館照片6: ,https://www.order.com.tw/data/case/202311/1700459262312604267.jpg
室內設計 | 板橋許公館照片7: ,https://www.order.com.tw/data/case/202311/1700459017780272524.jpg
室內設計 | 板橋許公館照片8: ,https://www.order.com.tw/data/case/202311/1700459015250386045.jpg
室內設計 | 板橋許公館照片9: ,https://www.order.com.tw/data/case/202311/1700459017287837269.jpg
室內設計 | 板橋許公館照片10: ,https://www.order.com.tw/data/case/202311/1700459016708258624.jpg
室內設計 | 台中黃公館照片1: ,https://www.order.com.tw/data/case/202311/1698976089462315363.jpg
室內設計 | 台中黃公館照片2: ,https://www.order.com.tw/data/case/202311/1698976090578310979.jpg
室內設計 | 台中黃公館照片3: ,https://www.order.com.tw/data/case/202311/1698976090029555039.jpg
室內設計 | 台中黃公館照片4: ,https://www.order.com.tw/data/case/202311/1698976091206324194.jpg
室內設計 | 台中黃公館照片5: ,https://www.order.com.tw/data/case/202311/1698976090813682787.jpg
室內設計 | 台中黃公館照片6: ,https://www.order.com.tw/data/case/202311/1698976091960099162.jpg
室內設計 | 台中黃公館照片7: ,https://www.order.com.tw/data/case/202311/1698976092377995915.jpg
室內設計 | 台中黃公館照片8: ,https://www.order.com.tw/data/case/202311/1698976092921718015.jpg
室內設計 | 台中黃公館照片9: ,https://www.order.com.tw/data/case/202311/1698976099283109437.jpg
室內設計 | 台中黃公館照片10: ,https://www.order.com.tw/data/case/202311/1698976092208023786.jpg
室內設計 | 林口陳公館照片1: ,https://www.order.com.tw/data/case/202310/1697684520644404294.jpg
室內設計 | 林口陳公館照片2: ,https://www.order.com.tw/data/case/202310/1697684519854182625.jpg
室內設計 | 林口陳公館照片3: ,https://www.order.com.tw/data/case/202310/1697684520695805432.jpg
室內設計 | 林口陳公館照片4: ,https://www.order.com.tw/data/case/202310/1697684519522945368.jpg
室內設計 | 林口陳公館照片5: ,https://www.order.com.tw/data/case/202310/1697684518642508503.jpg
室內設計 | 林口陳公館照片6: ,https://www.order.com.tw/data/case/202310/1697684520305251807.jpg
室內設計 | 林口陳公館照片7: ,https://www.order.com.tw/data/case/202310/1697684522429075806.jpg
室內設計 | 林口陳公館照片8: ,https://www.order.com.tw/data/case/202310/1697684521357101785.jpg
室內設計 | 林口陳公館照片9: ,https://www.order.com.tw/data/case/202310/1697684521485101995.jpg
室內設計 | 林口陳公館照片10: ,https://www.order.com.tw/data/case/202310/1697684517945245871.jpg
室內設計 | 桃園邱公館照片1: ,https://www.order.com.tw/data/case/202310/1696487000924373824.jpg
室內設計 | 桃園邱公館照片2: ,https://www.order.com.tw/data/case/202310/1696487001389514489.jpg
室內設計 | 桃園邱公館照片3: ,https://www.order.com.tw/data/case/202310/1696486999360106467.jpg
室內設計 | 桃園邱公館照片4: ,https://www.order.com.tw/data/case/202310/1696487001660821372.jpg
室內設計 | 桃園邱公館照片5: ,https://www.order.com.tw/data/case/202310/1696487000303708207.jpg
室內設計 | 桃園邱公館照片6: ,https://www.order.com.tw/data/case/202310/1696487003454010429.jpg
室內設計 | 桃園邱公館照片7: ,https://www.order.com.tw/data/case/202310/1696487009091068811.jpg
室內設計 | 桃園邱公館照片8: ,https://www.order.com.tw/data/case/202310/1696487010854888196.jpg
室內設計 | 桃園邱公館照片9: ,https://www.order.com.tw/data/case/202310/1696487011582112919.jpg
室內設計 | 桃園邱公館照片10: ,https://www.order.com.tw/data/case/202310/1696487010163438295.jpg
室內設計 | 高雄吳公館照片1: ,https://www.order.com.tw/data/case/202309/1695891090846583179.jpg
室內設計 | 高雄吳公館照片2: ,https://www.order.com.tw/data/case/202309/1695890923908607062.jpg
室內設計 | 高雄吳公館照片3: ,https://www.order.com.tw/data/case/202309/1695890921975900960.jpg
室內設計 | 高雄吳公館照片4: ,https://www.order.com.tw/data/case/202309/1695890922256751756.jpg
室內設計 | 高雄吳公館照片5: ,https://www.order.com.tw/data/case/202309/1695891159340257032.jpg
室內設計 | 高雄吳公館照片6: ,https://www.order.com.tw/data/case/202309/1695890922180688451.jpg
室內設計 | 高雄吳公館照片7: ,https://www.order.com.tw/data/case/202309/1695890927203457812.jpg
室內設計 | 高雄吳公館照片8: ,https://www.order.com.tw/data/case/202309/1695890927898472280.jpg
室內設計 | 高雄吳公館照片9: ,https://www.order.com.tw/data/case/202309/1695890926534084620.jpg
室內設計 | 高雄吳公館照片10: ,https://www.order.com.tw/data/case/202309/1695890926578720613.jpg
室內設計 | 台北鄭公館照片1: ,https://www.order.com.tw/data/case/202309/1695005374307055278.jpg
室內設計 | 台北鄭公館照片2: ,https://www.order.com.tw/data/case/202309/1695005375171743464.jpg
室內設計 | 台北鄭公館照片3: ,https://www.order.com.tw/data/case/202309/1695005373022140393.jpg
室內設計 | 台北鄭公館照片4: ,https://www.order.com.tw/data/case/202309/1695005375662844993.jpg
室內設計 | 台北鄭公館照片5: ,https://www.order.com.tw/data/case/202309/1695005375215068606.jpg
室內設計 | 台北鄭公館照片6: ,https://www.order.com.tw/data/case/202309/1695005374522674979.jpg
室內設計 | 台北鄭公館照片7: ,https://www.order.com.tw/data/case/202309/1695005371449324748.jpg
室內設計 | 台北鄭公館照片8: ,https://www.order.com.tw/data/case/202309/1695005371535043432.jpg
室內設計 | 台北鄭公館照片9: ,https://www.order.com.tw/data/case/202309/1695005373293462554.jpg
室內設計 | 台北鄭公館照片10: ,https://www.order.com.tw/data/case/202309/1695005373553295179.jpg
室內設計 | 彰化洪公館照片1: ,https://www.order.com.tw/data/case/202309/1694399122340186041.jpg
室內設計 | 彰化洪公館照片2: ,https://www.order.com.tw/data/case/202309/1694399120700877561.jpg
室內設計 | 彰化洪公館照片3: ,https://www.order.com.tw/data/case/202309/1694399121506856797.jpg
室內設計 | 彰化洪公館照片4: ,https://www.order.com.tw/data/case/202309/1694399124260944676.jpg
室內設計 | 彰化洪公館照片5: ,https://www.order.com.tw/data/case/202309/1694399123127983901.jpg
室內設計 | 彰化洪公館照片6: ,https://www.order.com.tw/data/case/202309/1694399122950072532.jpg
室內設計 | 彰化洪公館照片7: ,https://www.order.com.tw/data/case/202309/1694399120481599884.jpg
室內設計 | 彰化洪公館照片8: ,https://www.order.com.tw/data/case/202309/1694399119478356493.jpg
室內設計 | 彰化洪公館照片9: ,https://www.order.com.tw/data/case/202309/1694399118006098017.jpg
室內設計 | 彰化洪公館照片10: ,https://www.order.com.tw/data/case/202309/1694399117954820443.jpg
室內設計 | 桃園張公館照片1: ,https://www.order.com.tw/data/case/202309/1693792079802963175.jpg
室內設計 | 桃園張公館照片2: ,https://www.order.com.tw/data/case/202309/1693792078867855883.jpg
室內設計 | 桃園張公館照片3: ,https://www.order.com.tw/data/case/202309/1693792080328595965.jpg
室內設計 | 桃園張公館照片4: ,https://www.order.com.tw/data/case/202309/1693792076719146610.jpg
室內設計 | 桃園張公館照片5: ,https://www.order.com.tw/data/case/202309/1693792072482473498.jpg
室內設計 | 桃園張公館照片6: ,https://www.order.com.tw/data/case/202309/1693792078950069253.jpg
室內設計 | 桃園張公館照片7: ,https://www.order.com.tw/data/case/202309/1693792076697503853.jpg
室內設計 | 桃園張公館照片8: ,https://www.order.com.tw/data/case/202309/1693792074169880386.jpg
室內設計 | 桃園張公館照片9: ,https://www.order.com.tw/data/case/202309/1693792073676719311.jpg
室內設計 | 桃園張公館照片10: ,https://www.order.com.tw/data/case/202309/1693792073539542959.jpg
室內設計 | 新莊彭公館照片1: ,https://www.order.com.tw/data/case/202308/1692756001130862798.jpg
室內設計 | 新莊彭公館照片2: ,https://www.order.com.tw/data/case/202308/1692756000591169254.jpg
室內設計 | 新莊彭公館照片3: ,https://www.order.com.tw/data/case/202308/1692756000636619154.jpg
室內設計 | 新莊彭公館照片4: ,https://www.order.com.tw/data/case/202308/1692756002127085051.jpg
室內設計 | 新莊彭公館照片5: ,https://www.order.com.tw/data/case/202308/1692756007757636740.jpg
室內設計 | 新莊彭公館照片6: ,https://www.order.com.tw/data/case/202308/1692756003031869736.jpg
室內設計 | 新莊彭公館照片7: ,https://www.order.com.tw/data/case/202308/1692756005352371775.jpg
室內設計 | 新莊彭公館照片8: ,https://www.order.com.tw/data/case/202308/1692756006236923707.jpg
室內設計 | 新莊彭公館照片9: ,https://www.order.com.tw/data/case/202308/1692756004977067622.jpg
室內設計 | 新莊彭公館照片10: ,https://www.order.com.tw/data/case/202308/1692756004442674978.jpg
室內設計 | 台北曾公館照片1: ,https://www.order.com.tw/data/case/202308/1692324027558094964.jpg
室內設計 | 台北曾公館照片2: ,https://www.order.com.tw/data/case/202308/1692324030986251077.jpg
室內設計 | 台北曾公館照片3: ,https://www.order.com.tw/data/case/202308/1692324029231301426.jpg
室內設計 | 台北曾公館照片4: ,https://www.order.com.tw/data/case/202308/1692324028006321599.jpg
室內設計 | 台北曾公館照片5: ,https://www.order.com.tw/data/case/202308/1692324032522874327.jpg
室內設計 | 台北曾公館照片6: ,https://www.order.com.tw/data/case/202308/1692324031632246009.jpg
室內設計 | 台北曾公館照片7: ,https://www.order.com.tw/data/case/202308/1692324033873739077.jpg
室內設計 | 台北曾公館照片8: ,https://www.order.com.tw/data/case/202308/1692324033729589917.jpg
室內設計 | 台北曾公館照片9: ,https://www.order.com.tw/data/case/202308/1692324034580943027.jpg
室內設計 | 台北曾公館照片10: ,https://www.order.com.tw/data/case/202308/1692324034259740982.jpg
室內設計 | 新竹簡公館照片1: ,https://www.order.com.tw/data/case/202308/1691636693022836563.jpg
室內設計 | 新竹簡公館照片2: ,https://www.order.com.tw/data/case/202308/1691636693967352357.jpg
室內設計 | 新竹簡公館照片3: ,https://www.order.com.tw/data/case/202308/1691636820635123821.jpg
室內設計 | 新竹簡公館照片4: ,https://www.order.com.tw/data/case/202308/1691636693901016576.jpg
室內設計 | 新竹簡公館照片5: ,https://www.order.com.tw/data/case/202308/1691636694518176081.jpg
室內設計 | 新竹簡公館照片6: ,https://www.order.com.tw/data/case/202308/1691636694780838719.jpg
室內設計 | 新竹簡公館照片7: ,https://www.order.com.tw/data/case/202308/1691636694130198828.jpg
室內設計 | 新竹簡公館照片8: ,https://www.order.com.tw/data/case/202308/1691636695549989688.jpg
室內設計 | 新竹簡公館照片9: ,https://www.order.com.tw/data/case/202308/1691636782293100272.jpg
室內設計 | 新竹簡公館照片10: ,https://www.order.com.tw/data/case/202308/1691636695927825455.jpg
室內設計 | 新竹官公館照片1: ,https://www.order.com.tw/data/case/202308/1691117296896572034.jpg
室內設計 | 新竹官公館照片2: ,https://www.order.com.tw/data/case/202308/1691117296791460119.jpg
室內設計 | 新竹官公館照片3: ,https://www.order.com.tw/data/case/202308/1691117297860645723.jpg
室內設計 | 新竹官公館照片4: ,https://www.order.com.tw/data/case/202308/1691117297605270064.jpg
室內設計 | 新竹官公館照片5: ,https://www.order.com.tw/data/case/202308/1691117297766828453.jpg
室內設計 | 新竹官公館照片6: ,https://www.order.com.tw/data/case/202308/1691117294651340222.jpg
室內設計 | 新竹官公館照片7: ,https://www.order.com.tw/data/case/202308/1691117295605267780.jpg
室內設計 | 新竹官公館照片8: ,https://www.order.com.tw/data/case/202308/1691117295275213211.jpg
室內設計 | 桃園謝公館照片1: ,https://www.order.com.tw/data/case/202307/1689046903453905988.jpg
室內設計 | 桃園謝公館照片2: ,https://www.order.com.tw/data/case/202307/1689046902756601335.jpg
室內設計 | 桃園謝公館照片3: ,https://www.order.com.tw/data/case/202307/1689046904610017645.jpg
室內設計 | 桃園謝公館照片4: ,https://www.order.com.tw/data/case/202307/1689046905829556503.jpg
室內設計 | 桃園謝公館照片5: ,https://www.order.com.tw/data/case/202307/1689046903554084966.jpg
室內設計 | 桃園謝公館照片6: ,https://www.order.com.tw/data/case/202307/1689046905268602683.jpg
室內設計 | 桃園謝公館照片7: ,https://www.order.com.tw/data/case/202307/1689046904918911190.jpg
室內設計 | 桃園謝公館照片8: ,https://www.order.com.tw/data/case/202307/1689046907453485726.jpg
室內設計 | 桃園謝公館照片9: ,https://www.order.com.tw/data/case/202307/1689046908027595858.jpg
室內設計 | 桃園謝公館照片10: ,https://www.order.com.tw/data/case/202307/1689046909655271283.jpg
室內設計 | 桃園林公館照片1: ,https://www.order.com.tw/data/case/202307/1688611538685661152.jpg
室內設計 | 桃園林公館照片2: ,https://www.order.com.tw/data/case/202307/1688611539340950386.jpg
室內設計 | 桃園林公館照片3: ,https://www.order.com.tw/data/case/202307/1688611539876527292.jpg
室內設計 | 桃園林公館照片4: ,https://www.order.com.tw/data/case/202307/1688611539281906189.jpg
室內設計 | 桃園林公館照片5: ,https://www.order.com.tw/data/case/202307/1688611541702607561.jpg
室內設計 | 桃園林公館照片6: ,https://www.order.com.tw/data/case/202307/1688611542831339960.jpg
室內設計 | 桃園林公館照片7: ,https://www.order.com.tw/data/case/202307/1688611542208614088.jpg
室內設計 | 桃園林公館照片8: ,https://www.order.com.tw/data/case/202307/1688611540895031229.jpg
室內設計 | 桃園林公館照片9: ,https://www.order.com.tw/data/case/202307/1688611540323025224.jpg
室內設計 | 桃園林公館照片10: ,https://www.order.com.tw/data/case/202307/1688611541558284552.jpg
室內設計 | 新竹張公館照片1: ,https://www.order.com.tw/data/case/202306/1687921774898531478.jpg
室內設計 | 新竹張公館照片2: ,https://www.order.com.tw/data/case/202306/1687921777835986546.jpg
室內設計 | 新竹張公館照片3: ,https://www.order.com.tw/data/case/202306/1687921780743333223.jpg
室內設計 | 新竹張公館照片4: ,https://www.order.com.tw/data/case/202306/1687921776146058647.jpg
室內設計 | 新竹張公館照片5: ,https://www.order.com.tw/data/case/202306/1687921775703210027.jpg
室內設計 | 新竹張公館照片6: ,https://www.order.com.tw/data/case/202306/1687921783883124808.jpg
室內設計 | 新竹張公館照片7: ,https://www.order.com.tw/data/case/202306/1687921785069138241.jpg
室內設計 | 新竹張公館照片8: ,https://www.order.com.tw/data/case/202306/1687921786577668410.jpg
室內設計 | 新竹張公館照片9: ,https://www.order.com.tw/data/case/202306/1687921781235433939.jpg
室內設計 | 新竹張公館照片10: ,https://www.order.com.tw/data/case/202306/1687921778063700997.jpg
室內設計 | 高雄林公館照片1: ,https://www.order.com.tw/data/case/202306/1687338244754422526.jpg
室內設計 | 高雄林公館照片2: ,https://www.order.com.tw/data/case/202306/1687338244925046306.jpg
室內設計 | 高雄林公館照片3: ,https://www.order.com.tw/data/case/202306/1687338340008018532.jpg
室內設計 | 高雄林公館照片4: ,https://www.order.com.tw/data/case/202306/1687338246048757333.jpg
室內設計 | 高雄林公館照片5: ,https://www.order.com.tw/data/case/202306/1687338247090076099.jpg
室內設計 | 高雄林公館照片6: ,https://www.order.com.tw/data/case/202306/1687338247687878723.jpg
室內設計 | 高雄林公館照片7: ,https://www.order.com.tw/data/case/202306/1687338248733146933.jpg
室內設計 | 高雄林公館照片8: ,https://www.order.com.tw/data/case/202306/1687338248922791811.jpg
室內設計 | 高雄林公館照片9: ,https://www.order.com.tw/data/case/202306/1687338245467581124.jpg
室內設計 | 高雄林公館照片10: ,https://www.order.com.tw/data/case/202306/1687338245779865458.jpg
室內設計 | 基隆許公館照片1: ,https://www.order.com.tw/data/case/202306/1686637046035156129.jpg
室內設計 | 基隆許公館照片2: ,https://www.order.com.tw/data/case/202306/1686637046824306278.jpg
室內設計 | 基隆許公館照片3: ,https://www.order.com.tw/data/case/202306/1686637047296039298.jpg
室內設計 | 基隆許公館照片4: ,https://www.order.com.tw/data/case/202306/1686637046590417695.jpg
室內設計 | 基隆許公館照片5: ,https://www.order.com.tw/data/case/202306/1686637048134444107.jpg
室內設計 | 基隆許公館照片6: ,https://www.order.com.tw/data/case/202306/1686706308907222997.jpg
室內設計 | 基隆許公館照片7: ,https://www.order.com.tw/data/case/202306/1686637047935580078.jpg
室內設計 | 基隆許公館照片8: ,https://www.order.com.tw/data/case/202306/1686637047927515251.jpg
室內設計 | 基隆許公館照片9: ,https://www.order.com.tw/data/case/202306/1686637049525178539.jpg
室內設計 | 高雄魏公館照片1: ,https://www.order.com.tw/data/case/202306/1686204568759464707.jpg
室內設計 | 高雄魏公館照片2: ,https://www.order.com.tw/data/case/202306/1686204520603662887.jpg
室內設計 | 高雄魏公館照片3: ,https://www.order.com.tw/data/case/202306/1686204515754830828.jpg
室內設計 | 高雄魏公館照片4: ,https://www.order.com.tw/data/case/202306/1686204520439141752.jpg
室內設計 | 高雄魏公館照片5: ,https://www.order.com.tw/data/case/202306/1686204517719773568.jpg
室內設計 | 高雄魏公館照片6: ,https://www.order.com.tw/data/case/202306/1686204519945008087.jpg
室內設計 | 高雄魏公館照片7: ,https://www.order.com.tw/data/case/202306/1686204520966688253.jpg
室內設計 | 高雄魏公館照片8: ,https://www.order.com.tw/data/case/202306/1686204516433185853.jpg
室內設計 | 高雄魏公館照片9: ,https://www.order.com.tw/data/case/202306/1686204517294782262.jpg
室內設計 | 高雄魏公館照片10: ,https://www.order.com.tw/data/case/202306/1686204518065731577.jpg
室內設計 | 台南鄒公館照片1: ,https://www.order.com.tw/data/case/202305/1684983436532333727.jpg
室內設計 | 台南鄒公館照片2: ,https://www.order.com.tw/data/case/202305/1684983436180558034.jpg
室內設計 | 台南鄒公館照片3: ,https://www.order.com.tw/data/case/202305/1684984308466011607.jpg
室內設計 | 台南鄒公館照片4: ,https://www.order.com.tw/data/case/202305/1684983438904690670.jpg
室內設計 | 台南鄒公館照片5: ,https://www.order.com.tw/data/case/202305/1684984308044338899.jpg
室內設計 | 台南鄒公館照片6: ,https://www.order.com.tw/data/case/202305/1684984386344126483.jpg
室內設計 | 台南鄒公館照片7: ,https://www.order.com.tw/data/case/202305/1684984048564400575.jpg
室內設計 | 台南鄒公館照片8: ,https://www.order.com.tw/data/case/202305/1684983436573580036.jpg
室內設計 | 台南鄒公館照片9: ,https://www.order.com.tw/data/case/202305/1684983437254733571.jpg
室內設計 | 台南鄒公館照片10: ,https://www.order.com.tw/data/case/202305/1684983437463887232.jpg
室內設計 | 台北盧公館照片1: ,https://www.order.com.tw/data/case/202305/1684301459468461625.jpg
室內設計 | 台北盧公館照片2: ,https://www.order.com.tw/data/case/202305/1684301461145677499.jpg
室內設計 | 台北盧公館照片3: ,https://www.order.com.tw/data/case/202305/1684301459601567630.jpg
室內設計 | 台北盧公館照片4: ,https://www.order.com.tw/data/case/202305/1684301460329279897.jpg
室內設計 | 台北盧公館照片5: ,https://www.order.com.tw/data/case/202305/1684301461610242261.jpg
室內設計 | 台北盧公館照片6: ,https://www.order.com.tw/data/case/202305/1684301459129109003.jpg
室內設計 | 台北盧公館照片7: ,https://www.order.com.tw/data/case/202305/1684301546583580604.jpg
室內設計 | 台北盧公館照片8: ,https://www.order.com.tw/data/case/202305/1684301458071576002.jpg
室內設計 | 台北盧公館照片9: ,https://www.order.com.tw/data/case/202305/1684301461481327394.jpg
室內設計 | 台北盧公館照片10: ,https://www.order.com.tw/data/case/202305/1684301460074559885.jpg
室內設計 | 台北陳公館照片1: ,https://www.order.com.tw/data/case/202305/1683870977970844675.jpg
室內設計 | 台北陳公館照片2: ,https://www.order.com.tw/data/case/202305/1683870979960232217.jpg
室內設計 | 台北陳公館照片3: ,https://www.order.com.tw/data/case/202305/1683870977832197061.jpg
室內設計 | 台北陳公館照片4: ,https://www.order.com.tw/data/case/202305/1683870978087658019.jpg
室內設計 | 台北陳公館照片5: ,https://www.order.com.tw/data/case/202305/1683870981755574464.jpg
室內設計 | 台北陳公館照片6: ,https://www.order.com.tw/data/case/202305/1683870978583052995.jpg
室內設計 | 台北陳公館照片7: ,https://www.order.com.tw/data/case/202305/1683870979063408719.jpg
室內設計 | 台北陳公館照片8: ,https://www.order.com.tw/data/case/202305/1683870980513893328.jpg
室內設計 | 台北陳公館照片9: ,https://www.order.com.tw/data/case/202305/1683870980980121783.jpg
室內設計 | 台北陳公館照片10: ,https://www.order.com.tw/data/case/202305/1683870981621431978.jpg
室內設計 | 三重楊公館照片1: ,https://www.order.com.tw/data/case/202305/1683164930482205221.jpg
室內設計 | 三重楊公館照片2: ,https://www.order.com.tw/data/case/202305/1683166078124125566.jpg
室內設計 | 三重楊公館照片3: ,https://www.order.com.tw/data/case/202305/1683166078921077236.jpg
室內設計 | 三重楊公館照片4: ,https://www.order.com.tw/data/case/202305/1683164931994877171.jpg
室內設計 | 三重楊公館照片5: ,https://www.order.com.tw/data/case/202305/1683164930649536722.jpg
室內設計 | 三重楊公館照片6: ,https://www.order.com.tw/data/case/202305/1683166291549273316.jpg
室內設計 | 三重楊公館照片7: ,https://www.order.com.tw/data/case/202305/1683164932278077307.jpg
室內設計 | 三重楊公館照片8: ,https://www.order.com.tw/data/case/202305/1683164932128084750.jpg
室內設計 | 三重楊公館照片9: ,https://www.order.com.tw/data/case/202305/1683164933640765125.jpg
室內設計 | 三重楊公館照片10: ,https://www.order.com.tw/data/case/202305/1683164933307724699.jpg
室內設計 | 新北許公館照片1: ,https://www.order.com.tw/data/case/202304/1682567900039635907.jpg
室內設計 | 新北許公館照片2: ,https://www.order.com.tw/data/case/202304/1682567899829280313.jpg
室內設計 | 新北許公館照片3: ,https://www.order.com.tw/data/case/202304/1682567899969549975.jpg
室內設計 | 新北許公館照片4: ,https://www.order.com.tw/data/case/202304/1682567898033429791.jpg
室內設計 | 新北許公館照片5: ,https://www.order.com.tw/data/case/202304/1682567900502666452.jpg
室內設計 | 新北許公館照片6: ,https://www.order.com.tw/data/case/202304/1682567898824607917.jpg
室內設計 | 新北許公館照片7: ,https://www.order.com.tw/data/case/202304/1682567900599039608.jpg
室內設計 | 新北許公館照片8: ,https://www.order.com.tw/data/case/202304/1682567897515005293.jpg
室內設計 | 新北許公館照片9: ,https://www.order.com.tw/data/case/202304/1682567901272419100.jpg
室內設計 | 新北許公館照片10: ,https://www.order.com.tw/data/case/202304/1682567901431976477.jpg
室內設計 | 桃園張公館照片1: ,https://www.order.com.tw/data/case/202304/1681881673380370522.jpg
室內設計 | 桃園張公館照片2: ,https://www.order.com.tw/data/case/202304/1681881599857987382.jpg
室內設計 | 桃園張公館照片3: ,https://www.order.com.tw/data/case/202304/1681881145279775425.jpg
室內設計 | 桃園張公館照片4: ,https://www.order.com.tw/data/case/202304/1681881144042727599.jpg
室內設計 | 桃園張公館照片5: ,https://www.order.com.tw/data/case/202304/1681881144986597721.jpg
室內設計 | 桃園張公館照片6: ,https://www.order.com.tw/data/case/202304/1681881144625205461.jpg
室內設計 | 桃園張公館照片7: ,https://www.order.com.tw/data/case/202304/1681881147075842858.jpg
室內設計 | 桃園張公館照片8: ,https://www.order.com.tw/data/case/202304/1681881147937547112.jpg
室內設計 | 桃園牛公館照片1: ,https://www.order.com.tw/data/case/202304/1681462093911956035.jpg
室內設計 | 桃園牛公館照片2: ,https://www.order.com.tw/data/case/202304/1681462092412402430.jpg
室內設計 | 桃園牛公館照片3: ,https://www.order.com.tw/data/case/202304/1681462094744591716.jpg
室內設計 | 桃園牛公館照片4: ,https://www.order.com.tw/data/case/202304/1681462093246429398.jpg
室內設計 | 桃園牛公館照片5: ,https://www.order.com.tw/data/case/202304/1681462093437736296.jpg
室內設計 | 桃園牛公館照片6: ,https://www.order.com.tw/data/case/202304/1681462097660974448.jpg
室內設計 | 桃園牛公館照片7: ,https://www.order.com.tw/data/case/202304/1681462095356807919.jpg
室內設計 | 桃園牛公館照片8: ,https://www.order.com.tw/data/case/202304/1681462098812663320.jpg
室內設計 | 桃園牛公館照片9: ,https://www.order.com.tw/data/case/202304/1681462098373134175.jpg
室內設計 | 桃園牛公館照片10: ,https://www.order.com.tw/data/case/202304/1681462098434668965.jpg
室內設計 | 淡水李公館照片1: ,https://www.order.com.tw/data/case/202303/1679898889140321812.jpg
室內設計 | 淡水李公館照片2: ,https://www.order.com.tw/data/case/202303/1679898891572855318.jpg
室內設計 | 淡水李公館照片3: ,https://www.order.com.tw/data/case/202303/1679899147323279460.jpg
室內設計 | 淡水李公館照片4: ,https://www.order.com.tw/data/case/202303/1679898888666388774.jpg
室內設計 | 淡水李公館照片5: ,https://www.order.com.tw/data/case/202303/1679898886349894143.jpg
室內設計 | 淡水李公館照片6: ,https://www.order.com.tw/data/case/202303/1679898885739533648.jpg
室內設計 | 淡水李公館照片7: ,https://www.order.com.tw/data/case/202303/1679898889824193684.jpg
室內設計 | 淡水李公館照片8: ,https://www.order.com.tw/data/case/202303/1679898884252592420.jpg
室內設計 | 淡水李公館照片9: ,https://www.order.com.tw/data/case/202303/1679898883803185430.jpg
室內設計 | 淡水李公館照片10: ,https://www.order.com.tw/data/case/202303/1679898884697227294.jpg
室內設計 | 三重酈公館照片1: ,https://www.order.com.tw/data/case/202303/1678699322799256177.jpg
室內設計 | 三重酈公館照片2: ,https://www.order.com.tw/data/case/202303/1678699322166550836.jpg
室內設計 | 三重酈公館照片3: ,https://www.order.com.tw/data/case/202303/1678699320815375468.jpg
室內設計 | 三重酈公館照片4: ,https://www.order.com.tw/data/case/202303/1678699321373016179.jpg
室內設計 | 三重酈公館照片5: ,https://www.order.com.tw/data/case/202303/1678699320322723152.jpg
室內設計 | 三重酈公館照片6: ,https://www.order.com.tw/data/case/202303/1678699321787155445.jpg
室內設計 | 三重酈公館照片7: ,https://www.order.com.tw/data/case/202303/1678699318710187379.jpg
室內設計 | 三重酈公館照片8: ,https://www.order.com.tw/data/case/202303/1678699319619967057.jpg
室內設計 | 三重酈公館照片9: ,https://www.order.com.tw/data/case/202303/1678699318831769151.jpg
室內設計 | 三重酈公館照片10: ,https://www.order.com.tw/data/case/202303/1678699317686543756.jpg
室內設計 | 台中吳公館照片1: ,https://www.order.com.tw/data/case/202302/1677033701502811628.jpg
室內設計 | 台中吳公館照片2: ,https://www.order.com.tw/data/case/202302/1677033702492063237.jpg
室內設計 | 台中吳公館照片3: ,https://www.order.com.tw/data/case/202302/1677033702317027679.jpg
室內設計 | 台中吳公館照片4: ,https://www.order.com.tw/data/case/202302/1677033703861778950.jpg
室內設計 | 台中吳公館照片5: ,https://www.order.com.tw/data/case/202302/1677033697720454040.jpg
室內設計 | 台中吳公館照片6: ,https://www.order.com.tw/data/case/202302/1677033703083113986.jpg
室內設計 | 台中吳公館照片7: ,https://www.order.com.tw/data/case/202302/1677033695924869637.jpg
室內設計 | 台中吳公館照片8: ,https://www.order.com.tw/data/case/202302/1677033695606243381.jpg
室內設計 | 台中吳公館照片9: ,https://www.order.com.tw/data/case/202302/1677033696600597251.jpg
室內設計 | 新竹陳公館照片1: ,https://www.order.com.tw/data/case/202302/1676613468101397300.jpg
室內設計 | 新竹陳公館照片2: ,https://www.order.com.tw/data/case/202302/1676613469340884543.jpg
室內設計 | 新竹陳公館照片3: ,https://www.order.com.tw/data/case/202302/1676613470699405845.jpg
室內設計 | 新竹陳公館照片4: ,https://www.order.com.tw/data/case/202302/1676613467193098328.jpg
室內設計 | 新竹陳公館照片5: ,https://www.order.com.tw/data/case/202302/1676613469271173333.jpg
室內設計 | 新竹陳公館照片6: ,https://www.order.com.tw/data/case/202302/1676613468674819647.jpg
室內設計 | 新竹陳公館照片7: ,https://www.order.com.tw/data/case/202302/1676613470434787504.jpg
室內設計 | 新竹陳公館照片8: ,https://www.order.com.tw/data/case/202302/1676613471414212942.jpg
室內設計 | 新竹陳公館照片9: ,https://www.order.com.tw/data/case/202302/1676613471237964820.jpg
室內設計 | 新竹陳公館照片10: ,https://www.order.com.tw/data/case/202302/1676613472233154027.jpg
室內設計 | 淡水莊公館照片1: ,https://www.order.com.tw/data/case/202302/1675752293360089073.jpg
室內設計 | 淡水莊公館照片2: ,https://www.order.com.tw/data/case/202302/1675752293033977482.jpg
室內設計 | 淡水莊公館照片3: ,https://www.order.com.tw/data/case/202302/1675752294791920371.jpg
室內設計 | 淡水莊公館照片4: ,https://www.order.com.tw/data/case/202302/1675752295800398630.jpg
室內設計 | 淡水莊公館照片5: ,https://www.order.com.tw/data/case/202302/1675752294516497147.jpg
室內設計 | 淡水莊公館照片6: ,https://www.order.com.tw/data/case/202302/1675752295535566328.jpg
室內設計 | 淡水莊公館照片7: ,https://www.order.com.tw/data/case/202302/1675752529314346546.jpg
室內設計 | 淡水莊公館照片8: ,https://www.order.com.tw/data/case/202302/1675752534920670376.jpg
室內設計 | 新店許公館照片1: ,https://www.order.com.tw/data/case/202301/1675151702584448041.jpg
室內設計 | 新店許公館照片2: ,https://www.order.com.tw/data/case/202301/1675151700751499486.jpg
室內設計 | 新店許公館照片3: ,https://www.order.com.tw/data/case/202301/1675151701321919637.jpg
室內設計 | 新店許公館照片4: ,https://www.order.com.tw/data/case/202301/1675151701826676186.jpg
室內設計 | 新店許公館照片5: ,https://www.order.com.tw/data/case/202301/1675151702798099917.jpg
室內設計 | 新店許公館照片6: ,https://www.order.com.tw/data/case/202301/1675151702142467775.jpg
室內設計 | 新店許公館照片7: ,https://www.order.com.tw/data/case/202301/1675151710075988051.jpg
室內設計 | 新店許公館照片8: ,https://www.order.com.tw/data/case/202301/1675151706113293668.jpg
室內設計 | 新店許公館照片9: ,https://www.order.com.tw/data/case/202301/1675151707041669099.jpg
室內設計 | 新店許公館照片10: ,https://www.order.com.tw/data/case/202301/1675151703154301065.jpg
室內設計 | 台中陳公館照片1: ,https://www.order.com.tw/data/case/202301/1673574082844272473.jpg
室內設計 | 台中陳公館照片2: ,https://www.order.com.tw/data/case/202301/1673574083562542946.jpg
室內設計 | 台中陳公館照片3: ,https://www.order.com.tw/data/case/202301/1673574083995098446.jpg
室內設計 | 台中陳公館照片4: ,https://www.order.com.tw/data/case/202301/1673574083748290108.jpg
室內設計 | 台中陳公館照片5: ,https://www.order.com.tw/data/case/202301/1673574081189719989.jpg
室內設計 | 台中陳公館照片6: ,https://www.order.com.tw/data/case/202301/1673574081831610162.jpg
室內設計 | 台中陳公館照片7: ,https://www.order.com.tw/data/case/202301/1673574082613766170.jpg
室內設計 | 台中陳公館照片8: ,https://www.order.com.tw/data/case/202301/1673574084915874240.jpg
室內設計 | 台中陳公館照片9: ,https://www.order.com.tw/data/case/202301/1673574084277767108.jpg
室內設計 | 台中陳公館照片10: ,https://www.order.com.tw/data/case/202301/1673574084053556589.jpg
室內設計 | 桃園魏公館照片1: ,https://www.order.com.tw/data/case/202301/1672983131457437292.jpg
室內設計 | 桃園魏公館照片2: ,https://www.order.com.tw/data/case/202301/1672983131753256962.jpg
室內設計 | 桃園魏公館照片3: ,https://www.order.com.tw/data/case/202301/1672983131793689982.jpg
室內設計 | 桃園魏公館照片4: ,https://www.order.com.tw/data/case/202301/1672983130481525373.jpg
室內設計 | 桃園魏公館照片5: ,https://www.order.com.tw/data/case/202301/1672983129150746024.jpg
室內設計 | 桃園魏公館照片6: ,https://www.order.com.tw/data/case/202301/1672983130040344394.jpg
室內設計 | 桃園魏公館照片7: ,https://www.order.com.tw/data/case/202301/1672983128970046547.jpg
室內設計 | 桃園魏公館照片8: ,https://www.order.com.tw/data/case/202301/1672983128761921493.jpg
室內設計 | 桃園魏公館照片9: ,https://www.order.com.tw/data/case/202301/1672983129817799254.jpg
室內設計 | 台中邱公館照片1: ,https://www.order.com.tw/data/case/202211/1669773998286166734.jpg
室內設計 | 台中邱公館照片2: ,https://www.order.com.tw/data/case/202211/1669773997659856094.jpg
室內設計 | 台中邱公館照片3: ,https://www.order.com.tw/data/case/202211/1669773998290420064.jpg
室內設計 | 台中邱公館照片4: ,https://www.order.com.tw/data/case/202211/1669773997293667362.jpg
室內設計 | 台中邱公館照片5: ,https://www.order.com.tw/data/case/202211/1669773997417429384.jpg
室內設計 | 台中邱公館照片6: ,https://www.order.com.tw/data/case/202211/1669773999268084475.jpg
室內設計 | 台中邱公館照片7: ,https://www.order.com.tw/data/case/202211/1669774000434368680.jpg
室內設計 | 台中邱公館照片8: ,https://www.order.com.tw/data/case/202211/1669774000810316319.jpg
室內設計 | 台中邱公館照片9: ,https://www.order.com.tw/data/case/202211/1669774001457586737.jpg
室內設計 | 台中邱公館照片10: ,https://www.order.com.tw/data/case/202211/1669774001808238795.jpg
室內設計 | 台北方公館照片1: ,https://www.order.com.tw/data/case/202211/1667546054748347696.jpg
室內設計 | 台北方公館照片2: ,https://www.order.com.tw/data/case/202211/1667546057800886715.jpg
室內設計 | 台北方公館照片3: ,https://www.order.com.tw/data/case/202211/1667546058877923195.jpg
室內設計 | 台北方公館照片4: ,https://www.order.com.tw/data/case/202211/1667546058226262887.jpg
室內設計 | 台北方公館照片5: ,https://www.order.com.tw/data/case/202211/1667546060755288580.jpg
室內設計 | 台北方公館照片6: ,https://www.order.com.tw/data/case/202211/1667546055212981288.jpg
室內設計 | 台北方公館照片7: ,https://www.order.com.tw/data/case/202211/1667546053763148613.jpg
室內設計 | 台北方公館照片8: ,https://www.order.com.tw/data/case/202304/1681809901884550059.jpg
室內設計 | 台北方公館照片9: ,https://www.order.com.tw/data/case/202211/1667546051911836386.jpg
室內設計 | 新竹洪公館照片1: ,https://www.order.com.tw/data/case/202210/1666231359526112271.jpg
室內設計 | 新竹洪公館照片2: ,https://www.order.com.tw/data/case/202210/1666231360122000752.jpg
室內設計 | 新竹洪公館照片3: ,https://www.order.com.tw/data/case/202210/1666231406428535519.jpg
室內設計 | 新竹洪公館照片4: ,https://www.order.com.tw/data/case/202210/1666231363912921515.jpg
室內設計 | 新竹洪公館照片5: ,https://www.order.com.tw/data/case/202210/1666231364909049044.jpg
室內設計 | 新竹洪公館照片6: ,https://www.order.com.tw/data/case/202210/1666231551775320878.jpg
室內設計 | 新竹洪公館照片7: ,https://www.order.com.tw/data/case/202210/1666231365436054888.jpg
室內設計 | 新竹洪公館照片8: ,https://www.order.com.tw/data/case/202210/1666232539351589438.jpg
室內設計 | 新竹洪公館照片9: ,https://www.order.com.tw/data/case/202210/1666232452621242988.jpg
室內設計 | 新竹洪公館照片10: ,https://www.order.com.tw/data/case/202210/1666231406158896907.jpg
室內設計 | 台北趙公館照片1: ,https://www.order.com.tw/data/case/202210/1665033455124995539.jpg
室內設計 | 台北趙公館照片2: ,https://www.order.com.tw/data/case/202210/1665033455124526532.jpg
室內設計 | 台北趙公館照片3: ,https://www.order.com.tw/data/case/202210/1665033455783208138.jpg
室內設計 | 台北趙公館照片4: ,https://www.order.com.tw/data/case/202210/1665033452909122913.jpg
室內設計 | 台北趙公館照片5: ,https://www.order.com.tw/data/case/202210/1665033453505706948.jpg
室內設計 | 台北趙公館照片6: ,https://www.order.com.tw/data/case/202210/1665033454335998566.jpg
室內設計 | 台北趙公館照片7: ,https://www.order.com.tw/data/case/202210/1665033454087736563.jpg
室內設計 | 台北趙公館照片8: ,https://www.order.com.tw/data/case/202210/1665033456271161644.jpg
室內設計 | 台北趙公館照片9: ,https://www.order.com.tw/data/case/202210/1665033456890390125.jpg
室內設計 | 台北趙公館照片10: ,https://www.order.com.tw/data/case/202210/1665033457844483445.jpg
室內設計 | 蘆洲黃公館照片1: ,https://www.order.com.tw/data/case/202209/1664335941490332333.jpg
室內設計 | 蘆洲黃公館照片2: ,https://www.order.com.tw/data/case/202209/1664335942885359716.jpg
室內設計 | 蘆洲黃公館照片3: ,https://www.order.com.tw/data/case/202209/1664335937064638154.jpg
室內設計 | 蘆洲黃公館照片4: ,https://www.order.com.tw/data/case/202209/1664335942153008433.jpg
室內設計 | 蘆洲黃公館照片5: ,https://www.order.com.tw/data/case/202209/1664335950817943300.jpg
室內設計 | 蘆洲黃公館照片6: ,https://www.order.com.tw/data/case/202209/1664335949387900106.jpg
室內設計 | 蘆洲黃公館照片7: ,https://www.order.com.tw/data/case/202209/1664335948709767731.jpg
室內設計 | 蘆洲黃公館照片8: ,https://www.order.com.tw/data/case/202209/1664335950704973366.jpg
室內設計 | 蘆洲黃公館照片9: ,https://www.order.com.tw/data/case/202209/1664335951352521548.jpg
室內設計 | 新竹林公館照片1: ,https://www.order.com.tw/data/case/202209/1663120763547537255.jpg
室內設計 | 新竹林公館照片2: ,https://www.order.com.tw/data/case/202209/1663120910126085103.jpg
室內設計 | 新竹林公館照片3: ,https://www.order.com.tw/data/case/202209/1663120762251177247.jpg
室內設計 | 新竹林公館照片4: ,https://www.order.com.tw/data/case/202209/1663120762309024645.jpg
室內設計 | 新竹林公館照片5: ,https://www.order.com.tw/data/case/202209/1663120761418935546.jpg
室內設計 | 新竹林公館照片6: ,https://www.order.com.tw/data/case/202209/1663120765198278987.jpg
室內設計 | 新竹林公館照片7: ,https://www.order.com.tw/data/case/202209/1663120765372830711.jpg
室內設計 | 新竹林公館照片8: ,https://www.order.com.tw/data/case/202209/1663120766396532311.jpg
室內設計 | 新竹林公館照片9: ,https://www.order.com.tw/data/case/202209/1663120766680921023.jpg
室內設計 | 新竹林公館照片10: ,https://www.order.com.tw/data/case/202209/1663120767314741888.jpg
室內設計 | 台中陳公館照片1: ,https://www.order.com.tw/data/case/202208/1661478307186633905.jpg
室內設計 | 台中陳公館照片2: ,https://www.order.com.tw/data/case/202208/1661478308943467108.jpg
室內設計 | 台中陳公館照片3: ,https://www.order.com.tw/data/case/202208/1661478310596591302.jpg
室內設計 | 台中陳公館照片4: ,https://www.order.com.tw/data/case/202208/1661478309513117647.jpg
室內設計 | 台中陳公館照片5: ,https://www.order.com.tw/data/case/202208/1661478310015501043.jpg
室內設計 | 台中陳公館照片6: ,https://www.order.com.tw/data/case/202208/1661478311082712504.jpg
室內設計 | 台中陳公館照片7: ,https://www.order.com.tw/data/case/202208/1661478311863523377.jpg
室內設計 | 台中陳公館照片8: ,https://www.order.com.tw/data/case/202208/1661478312229797490.jpg
室內設計 | 台中陳公館照片9: ,https://www.order.com.tw/data/case/202208/1661478312998597845.jpg
室內設計 | 台中陳公館照片10: ,https://www.order.com.tw/data/case/202208/1661478313176941782.jpg
室內設計 | 新莊牟公館照片1: ,https://www.order.com.tw/data/case/202208/1660891391898853062.jpg
室內設計 | 新莊牟公館照片2: ,https://www.order.com.tw/data/case/202208/1660891390878291185.jpg
室內設計 | 新莊牟公館照片3: ,https://www.order.com.tw/data/case/202208/1660891516236245887.jpg
室內設計 | 新莊牟公館照片4: ,https://www.order.com.tw/data/case/202208/1660891516440982972.jpg
室內設計 | 新莊牟公館照片5: ,https://www.order.com.tw/data/case/202208/1660891390085180619.jpg
室內設計 | 新莊牟公館照片6: ,https://www.order.com.tw/data/case/202208/1660891389269107706.jpg
室內設計 | 新莊牟公館照片7: ,https://www.order.com.tw/data/case/202208/1660891391228905747.jpg
室內設計 | 新莊牟公館照片8: ,https://www.order.com.tw/data/case/202208/1660891391953636122.jpg
室內設計 | 新莊牟公館照片9: ,https://www.order.com.tw/data/case/202208/1660891392917823348.jpg
室內設計 | 高雄劉公館照片1: ,https://www.order.com.tw/data/case/202208/1660189551474021990.jpg
室內設計 | 高雄劉公館照片2: ,https://www.order.com.tw/data/case/202208/1660188672229994076.jpg
室內設計 | 高雄劉公館照片3: ,https://www.order.com.tw/data/case/202208/1660188672722201389.jpg
室內設計 | 高雄劉公館照片4: ,https://www.order.com.tw/data/case/202208/1660188285669737373.jpg
室內設計 | 高雄劉公館照片5: ,https://www.order.com.tw/data/case/202208/1660188285193176139.jpg
室內設計 | 高雄劉公館照片6: ,https://www.order.com.tw/data/case/202208/1660188835139773993.jpg
室內設計 | 高雄劉公館照片7: ,https://www.order.com.tw/data/case/202208/1660188284340580272.jpg
室內設計 | 高雄劉公館照片8: ,https://www.order.com.tw/data/case/202208/1660188281994686098.jpg
室內設計 | 高雄劉公館照片9: ,https://www.order.com.tw/data/case/202208/1660188282398196419.jpg
室內設計 | 高雄劉公館照片10: ,https://www.order.com.tw/data/case/202208/1660188283537510552.jpg
室內設計 | 新竹廖公館照片1: ,https://www.order.com.tw/data/case/202208/1659493224660645391.jpg
室內設計 | 新竹廖公館照片2: ,https://www.order.com.tw/data/case/202208/1659493225619072136.jpg
室內設計 | 新竹廖公館照片3: ,https://www.order.com.tw/data/case/202208/1659493224015437666.jpg
室內設計 | 新竹廖公館照片4: ,https://www.order.com.tw/data/case/202208/1659493437833952054.jpg
室內設計 | 新竹廖公館照片5: ,https://www.order.com.tw/data/case/202208/1659493437358276715.jpg
室內設計 | 新竹廖公館照片6: ,https://www.order.com.tw/data/case/202208/1659493299753796924.jpg
室內設計 | 新竹廖公館照片7: ,https://www.order.com.tw/data/case/202208/1659493227768244213.jpg
室內設計 | 新竹廖公館照片8: ,https://www.order.com.tw/data/case/202208/1659493227497925906.jpg
室內設計 | 新竹廖公館照片9: ,https://www.order.com.tw/data/case/202208/1659493226330265074.jpg
室內設計 | 新竹廖公館照片10: ,https://www.order.com.tw/data/case/202208/1659493227220751234.jpg
室內設計 | 台中蔡公館照片1: ,https://www.order.com.tw/data/case/202207/1657505289692033163.jpg
室內設計 | 台中蔡公館照片2: ,https://www.order.com.tw/data/case/202207/1657505290870352697.jpg
室內設計 | 台中蔡公館照片3: ,https://www.order.com.tw/data/case/202207/1657505288552792692.jpg
室內設計 | 台中蔡公館照片4: ,https://www.order.com.tw/data/case/202207/1657505289974090789.jpg
室內設計 | 台中蔡公館照片5: ,https://www.order.com.tw/data/case/202207/1657505289882405976.jpg
室內設計 | 台中蔡公館照片6: ,https://www.order.com.tw/data/case/202207/1657505290815284344.jpg
室內設計 | 台中蔡公館照片7: ,https://www.order.com.tw/data/case/202207/1657505291222995554.jpg
室內設計 | 台中蔡公館照片8: ,https://www.order.com.tw/data/case/202207/1657505291270249101.jpg
室內設計 | 台中蔡公館照片9: ,https://www.order.com.tw/data/case/202207/1657505291107151229.jpg
室內設計 | 台中蔡公館照片10: ,https://www.order.com.tw/data/case/202207/1657505292360175663.jpg
室內設計 | 新竹黃公館照片1: ,https://www.order.com.tw/data/case/202207/1657504784234925288.jpg
室內設計 | 新竹黃公館照片2: ,https://www.order.com.tw/data/case/202207/1657504786266015108.jpg
室內設計 | 新竹黃公館照片3: ,https://www.order.com.tw/data/case/202207/1657504785398529690.jpg
室內設計 | 新竹黃公館照片4: ,https://www.order.com.tw/data/case/202207/1657504787143403195.jpg
室內設計 | 新竹黃公館照片5: ,https://www.order.com.tw/data/case/202207/1657504785009468669.jpg
室內設計 | 新竹黃公館照片6: ,https://www.order.com.tw/data/case/202207/1657504786540304139.jpg
室內設計 | 新竹黃公館照片7: ,https://www.order.com.tw/data/case/202207/1657504787221169293.jpg
室內設計 | 新竹黃公館照片8: ,https://www.order.com.tw/data/case/202207/1657504787631831749.jpg
室內設計 | 淡水林公館照片1: ,https://www.order.com.tw/data/case/202206/1656554571371016614.jpg
室內設計 | 淡水林公館照片2: ,https://www.order.com.tw/data/case/202206/1656554572504991842.jpg
室內設計 | 淡水林公館照片3: ,https://www.order.com.tw/data/case/202206/1656554571959583583.jpg
室內設計 | 淡水林公館照片4: ,https://www.order.com.tw/data/case/202206/1656554573147931016.jpg
室內設計 | 淡水林公館照片5: ,https://www.order.com.tw/data/case/202206/1656554572077293772.jpg
室內設計 | 淡水林公館照片6: ,https://www.order.com.tw/data/case/202206/1656554573754252094.jpg
室內設計 | 淡水林公館照片7: ,https://www.order.com.tw/data/case/202206/1656554570458476599.jpg
室內設計 | 淡水林公館照片8: ,https://www.order.com.tw/data/case/202206/1656554570682030502.jpg
室內設計 | 淡水林公館照片9: ,https://www.order.com.tw/data/case/202206/1656554570810330674.jpg
室內設計 | 新莊朱公館照片1: ,https://www.order.com.tw/data/case/202206/1654654244092961024.jpg
室內設計 | 新莊朱公館照片2: ,https://www.order.com.tw/data/case/202206/1654654244501984813.jpg
室內設計 | 新莊朱公館照片3: ,https://www.order.com.tw/data/case/202206/1654654245503454672.jpg
室內設計 | 新莊朱公館照片4: ,https://www.order.com.tw/data/case/202206/1654654246544235190.jpg
室內設計 | 新莊朱公館照片5: ,https://www.order.com.tw/data/case/202206/1654654244154873608.jpg
室內設計 | 新莊朱公館照片6: ,https://www.order.com.tw/data/case/202206/1654654245905490166.jpg
室內設計 | 新莊朱公館照片7: ,https://www.order.com.tw/data/case/202206/1654654243121824475.jpg
室內設計 | 新莊朱公館照片8: ,https://www.order.com.tw/data/case/202206/1654654242017741975.jpg
室內設計 | 新莊朱公館照片9: ,https://www.order.com.tw/data/case/202206/1654654242711599167.jpg
室內設計 | 新莊朱公館照片10: ,https://www.order.com.tw/data/case/202206/1654654241555818342.jpg
室內設計 | 高雄黃公館照片1: ,https://www.order.com.tw/data/case/202206/1654047797665550816.jpg
室內設計 | 高雄黃公館照片2: ,https://www.order.com.tw/data/case/202206/1654047798077321779.jpg
室內設計 | 高雄黃公館照片3: ,https://www.order.com.tw/data/case/202206/1654047796772390145.jpg
室內設計 | 高雄黃公館照片4: ,https://www.order.com.tw/data/case/202206/1654047798013965610.jpg
室內設計 | 高雄黃公館照片5: ,https://www.order.com.tw/data/case/202206/1654047799622739088.jpg
室內設計 | 高雄黃公館照片6: ,https://www.order.com.tw/data/case/202206/1654047797787440135.jpg
室內設計 | 高雄黃公館照片7: ,https://www.order.com.tw/data/case/202206/1654047799464087807.jpg
室內設計 | 高雄黃公館照片8: ,https://www.order.com.tw/data/case/202206/1654047799627238030.jpg
室內設計 | 高雄黃公館照片9: ,https://www.order.com.tw/data/case/202206/1654047800273677664.jpg
室內設計 | 高雄黃公館照片10: ,https://www.order.com.tw/data/case/202206/1654047800848254136.jpg
室內設計 | 新竹林公館照片1: ,https://www.order.com.tw/data/case/202205/1653356751335646689.jpg
室內設計 | 新竹林公館照片2: ,https://www.order.com.tw/data/case/202205/1653356747677866640.jpg
室內設計 | 新竹林公館照片3: ,https://www.order.com.tw/data/case/202205/1653356748317912296.jpg
室內設計 | 新竹林公館照片4: ,https://www.order.com.tw/data/case/202205/1653356748346877920.jpg
室內設計 | 新竹林公館照片5: ,https://www.order.com.tw/data/case/202205/1653356748175322007.jpg
室內設計 | 新竹林公館照片6: ,https://www.order.com.tw/data/case/202205/1653356749956030267.jpg
室內設計 | 新竹林公館照片7: ,https://www.order.com.tw/data/case/202205/1653356749412175143.jpg
室內設計 | 新竹林公館照片8: ,https://www.order.com.tw/data/case/202205/1653356750823242099.jpg
室內設計 | 新竹林公館照片9: ,https://www.order.com.tw/data/case/202205/1653356750162189443.jpg
室內設計 | 新竹林公館照片10: ,https://www.order.com.tw/data/case/202205/1653356751680800217.jpg
室內設計 | 台中王公館照片1: ,https://www.order.com.tw/data/case/202205/1652150776128482502.jpg
室內設計 | 台中王公館照片2: ,https://www.order.com.tw/data/case/202205/1652151816888365209.jpg
室內設計 | 台中王公館照片3: ,https://www.order.com.tw/data/case/202205/1652151446285362952.jpg
室內設計 | 台中王公館照片4: ,https://www.order.com.tw/data/case/202205/1652152109455969281.jpg
室內設計 | 台中王公館照片5: ,https://www.order.com.tw/data/case/202205/1652150776154342272.jpg
室內設計 | 台中王公館照片6: ,https://www.order.com.tw/data/case/202205/1652150777556178273.jpg
室內設計 | 台中王公館照片7: ,https://www.order.com.tw/data/case/202205/1652151447843398105.jpg
室內設計 | 台中王公館照片8: ,https://www.order.com.tw/data/case/202205/1652150778878188540.jpg
室內設計 | 台中王公館照片9: ,https://www.order.com.tw/data/case/202205/1652151447839221363.jpg
室內設計 | 台中王公館照片10: ,https://www.order.com.tw/data/case/202205/1652150779163272880.jpg
室內設計 | 新竹郭公館照片1: ,https://www.order.com.tw/data/case/202205/1651549714371285963.jpg
室內設計 | 新竹郭公館照片2: ,https://www.order.com.tw/data/case/202205/1651548974448909759.jpg
室內設計 | 新竹郭公館照片3: ,https://www.order.com.tw/data/case/202205/1651548967301317415.jpg
室內設計 | 新竹郭公館照片4: ,https://www.order.com.tw/data/case/202205/1651548965530644270.jpg
室內設計 | 新竹郭公館照片5: ,https://www.order.com.tw/data/case/202205/1651548976120625280.jpg
室內設計 | 新竹郭公館照片6: ,https://www.order.com.tw/data/case/202205/1651548964090478560.jpg
室內設計 | 新竹郭公館照片7: ,https://www.order.com.tw/data/case/202205/1651548979138780262.jpg
室內設計 | 新竹郭公館照片8: ,https://www.order.com.tw/data/case/202205/1651550255033607934.jpg
室內設計 | 新竹郭公館照片9: ,https://www.order.com.tw/data/case/202205/1651548981917168485.jpg
室內設計 | 新竹郭公館照片10: ,https://www.order.com.tw/data/case/202205/1651550074454601590.jpg
室內設計 | 新竹許公館照片1: ,https://www.order.com.tw/data/case/202204/1651024243757211944.jpg
室內設計 | 新竹許公館照片2: ,https://www.order.com.tw/data/case/202204/1651024242533430782.jpg
室內設計 | 新竹許公館照片3: ,https://www.order.com.tw/data/case/202204/1651024243193890227.jpg
室內設計 | 新竹許公館照片4: ,https://www.order.com.tw/data/case/202204/1651024247747431455.jpg
室內設計 | 新竹許公館照片5: ,https://www.order.com.tw/data/case/202204/1651024244129377259.jpg
室內設計 | 新竹許公館照片6: ,https://www.order.com.tw/data/case/202204/1651024244412643918.jpg
室內設計 | 新竹許公館照片7: ,https://www.order.com.tw/data/case/202204/1651024245763234279.jpg
室內設計 | 新竹許公館照片8: ,https://www.order.com.tw/data/case/202204/1651024245105642906.jpg
室內設計 | 新竹許公館照片9: ,https://www.order.com.tw/data/case/202204/1651024246427957301.jpg
室內設計 | 新竹許公館照片10: ,https://www.order.com.tw/data/case/202204/1651024246366144049.jpg
室內設計 | 台南賴公館照片1: ,https://www.order.com.tw/data/case/202204/1649902185990849311.jpg
室內設計 | 台南賴公館照片2: ,https://www.order.com.tw/data/case/202204/1649906448612761171.jpg
室內設計 | 台南賴公館照片3: ,https://www.order.com.tw/data/case/202204/1649906449145701180.jpg
室內設計 | 台南賴公館照片4: ,https://www.order.com.tw/data/case/202204/1649902188397923612.jpg
室內設計 | 台南賴公館照片5: ,https://www.order.com.tw/data/case/202204/1649902186493072810.jpg
室內設計 | 台南賴公館照片6: ,https://www.order.com.tw/data/case/202204/1649902187195504781.jpg
室內設計 | 台南賴公館照片7: ,https://www.order.com.tw/data/case/202204/1649906449026439427.jpg
室內設計 | 台南賴公館照片8: ,https://www.order.com.tw/data/case/202204/1649902330428540646.jpg
室內設計 | 台南賴公館照片9: ,https://www.order.com.tw/data/case/202204/1649906557400307539.jpg
室內設計 | 台南賴公館照片10: ,https://www.order.com.tw/data/case/202204/1649902330374441983.jpg
室內設計 | 台北陳公館照片1: ,https://www.order.com.tw/data/case/202204/1649649542070560350.jpg
室內設計 | 台北陳公館照片2: ,https://www.order.com.tw/data/case/202204/1649649541328268687.jpg
室內設計 | 台北陳公館照片3: ,https://www.order.com.tw/data/case/202204/1649649543609679564.jpg
室內設計 | 台北陳公館照片4: ,https://www.order.com.tw/data/case/202204/1649649636576649706.jpg
室內設計 | 台北陳公館照片5: ,https://www.order.com.tw/data/case/202204/1649649542813532644.jpg
室內設計 | 台北陳公館照片6: ,https://www.order.com.tw/data/case/202204/1649649548795255783.jpg
室內設計 | 台北陳公館照片7: ,https://www.order.com.tw/data/case/202204/1649649545009671992.jpg
室內設計 | 台北陳公館照片8: ,https://www.order.com.tw/data/case/202204/1649649545573604628.jpg
室內設計 | 台北陳公館照片9: ,https://www.order.com.tw/data/case/202204/1649649544918824922.jpg
室內設計 | 台北陳公館照片10: ,https://www.order.com.tw/data/case/202204/1649653981139412347.jpg
室內設計 | 新竹李公館照片1: ,https://www.order.com.tw/data/case/202203/1648437394921042619.jpg
室內設計 | 新竹李公館照片2: ,https://www.order.com.tw/data/case/202203/1648437395310472363.jpg
室內設計 | 新竹李公館照片3: ,https://www.order.com.tw/data/case/202203/1648437393135804129.jpg
室內設計 | 新竹李公館照片4: ,https://www.order.com.tw/data/case/202203/1648437395986109087.jpg
室內設計 | 新竹李公館照片5: ,https://www.order.com.tw/data/case/202203/1648437394189056982.jpg
室內設計 | 新竹李公館照片6: ,https://www.order.com.tw/data/case/202203/1648437531617084847.jpg
室內設計 | 新竹李公館照片7: ,https://www.order.com.tw/data/case/202203/1648437395276425189.jpg
室內設計 | 新竹李公館照片8: ,https://www.order.com.tw/data/case/202203/1648437396078148603.jpg
室內設計 | 新竹李公館照片9: ,https://www.order.com.tw/data/case/202203/1648437397648469215.jpg
室內設計 | 新竹李公館照片10: ,https://www.order.com.tw/data/case/202203/1648437397870028013.jpg
室內設計 | 台北江公館照片1: ,https://www.order.com.tw/data/case/202203/1647307883969817470.jpg
室內設計 | 台北江公館照片2: ,https://www.order.com.tw/data/case/202203/1647307883232532801.jpg
室內設計 | 台北江公館照片3: ,https://www.order.com.tw/data/case/202203/1647307884457926411.jpg
室內設計 | 台北江公館照片4: ,https://www.order.com.tw/data/case/202203/1647307884231269603.jpg
室內設計 | 台北江公館照片5: ,https://www.order.com.tw/data/case/202203/1647307885576383894.jpg
室內設計 | 台北江公館照片6: ,https://www.order.com.tw/data/case/202203/1647307885587987156.jpg
室內設計 | 台北江公館照片7: ,https://www.order.com.tw/data/case/202203/1647307885030231607.jpg
室內設計 | 台北江公館照片8: ,https://www.order.com.tw/data/case/202203/1647307886317635506.jpg
室內設計 | 台北江公館照片9: ,https://www.order.com.tw/data/case/202203/1647307886329988816.jpg
室內設計 | 台北江公館照片10: ,https://www.order.com.tw/data/case/202203/1647307887457364244.jpg
室內設計 | 高雄黃公館照片1: ,https://www.order.com.tw/data/case/202203/1646270755587467703.jpg
室內設計 | 高雄黃公館照片2: ,https://www.order.com.tw/data/case/202203/1646270755179994608.jpg
室內設計 | 高雄黃公館照片3: ,https://www.order.com.tw/data/case/202203/1646270862343302190.jpg
室內設計 | 高雄黃公館照片4: ,https://www.order.com.tw/data/case/202203/1646270755177506708.jpg
室內設計 | 高雄黃公館照片5: ,https://www.order.com.tw/data/case/202203/1646270756784987107.jpg
室內設計 | 高雄黃公館照片6: ,https://www.order.com.tw/data/case/202203/1646270756228445594.jpg
室內設計 | 高雄黃公館照片7: ,https://www.order.com.tw/data/case/202203/1646270756156644873.jpg
室內設計 | 高雄黃公館照片8: ,https://www.order.com.tw/data/case/202203/1646270757470069530.jpg
室內設計 | 高雄黃公館照片9: ,https://www.order.com.tw/data/case/202203/1646270758006041687.jpg
室內設計 | 高雄黃公館照片10: ,https://www.order.com.tw/data/case/202203/1646270757642242211.jpg
室內設計 | 林口劉公館照片1: ,https://www.order.com.tw/data/case/202201/1642477529863135121.jpg
室內設計 | 林口劉公館照片2: ,https://www.order.com.tw/data/case/202201/1642642324842888952.jpg
室內設計 | 林口劉公館照片3: ,https://www.order.com.tw/data/case/202201/1642477749415519452.jpg
室內設計 | 林口劉公館照片4: ,https://www.order.com.tw/data/case/202201/1642477529803864080.jpg
室內設計 | 林口劉公館照片5: ,https://www.order.com.tw/data/case/202201/1642477750417710364.jpg
室內設計 | 林口劉公館照片6: ,https://www.order.com.tw/data/case/202201/1642477529891474217.jpg
室內設計 | 林口劉公館照片7: ,https://www.order.com.tw/data/case/202201/1642477530049010488.jpg
室內設計 | 林口劉公館照片8: ,https://www.order.com.tw/data/case/202201/1642477530529855280.jpg
室內設計 | 林口劉公館照片9: ,https://www.order.com.tw/data/case/202201/1642477750312160529.jpg
室內設計 | 林口劉公館照片10: ,https://www.order.com.tw/data/case/202201/1642477531787022729.jpg
室內設計 | 林口蘇公館照片1: ,https://www.order.com.tw/data/case/202201/1641521076577055618.jpg
室內設計 | 林口蘇公館照片2: ,https://www.order.com.tw/data/case/202201/1641521077248994962.jpg
室內設計 | 林口蘇公館照片3: ,https://www.order.com.tw/data/case/202201/1641521077037671636.jpg
室內設計 | 林口蘇公館照片4: ,https://www.order.com.tw/data/case/202201/1641521077579775111.jpg
室內設計 | 林口蘇公館照片5: ,https://www.order.com.tw/data/case/202201/1641521078797819118.jpg
室內設計 | 林口蘇公館照片6: ,https://www.order.com.tw/data/case/202201/1641521078590762195.jpg
室內設計 | 林口蘇公館照片7: ,https://www.order.com.tw/data/case/202201/1641521079475098127.jpg
室內設計 | 林口蘇公館照片8: ,https://www.order.com.tw/data/case/202201/1641521079697436181.jpg
室內設計 | 林口蘇公館照片9: ,https://www.order.com.tw/data/case/202201/1641521079950654922.jpg
室內設計 | 五股王公館照片1: ,https://www.order.com.tw/data/case/202112/1640316277745513467.jpg
室內設計 | 五股王公館照片2: ,https://www.order.com.tw/data/case/202112/1640316278631996260.jpg
室內設計 | 五股王公館照片3: ,https://www.order.com.tw/data/case/202112/1640316278127884952.jpg
室內設計 | 五股王公館照片4: ,https://www.order.com.tw/data/case/202112/1640316278109481581.jpg
室內設計 | 五股王公館照片5: ,https://www.order.com.tw/data/case/202112/1640316279058553823.jpg
室內設計 | 五股王公館照片6: ,https://www.order.com.tw/data/case/202112/1640316274302798255.jpg
室內設計 | 五股王公館照片7: ,https://www.order.com.tw/data/case/202112/1640316279228328359.jpg
室內設計 | 五股王公館照片8: ,https://www.order.com.tw/data/case/202112/1640316279166215963.jpg
室內設計 | 五股王公館照片9: ,https://www.order.com.tw/data/case/202112/1640316283239143080.jpg
室內設計 | 五股王公館照片10: ,https://www.order.com.tw/data/case/202112/1640316280274665226.jpg
室內設計 | 台中孫公館照片1: ,https://www.order.com.tw/data/case/202112/1639037055163788673.jpg
室內設計 | 台中孫公館照片2: ,https://www.order.com.tw/data/case/202112/1639037056522013208.jpg
室內設計 | 台中孫公館照片3: ,https://www.order.com.tw/data/case/202112/1639037057166859528.jpg
室內設計 | 台中孫公館照片4: ,https://www.order.com.tw/data/case/202112/1639037058401577015.jpg
室內設計 | 台中孫公館照片5: ,https://www.order.com.tw/data/case/202112/1639037056713696456.jpg
室內設計 | 台中孫公館照片6: ,https://www.order.com.tw/data/case/202112/1639037203400665301.jpg
室內設計 | 台中孫公館照片7: ,https://www.order.com.tw/data/case/202112/1639037055695293061.jpg
室內設計 | 台中孫公館照片8: ,https://www.order.com.tw/data/case/202112/1639037055402075828.jpg
室內設計 | 台中孫公館照片9: ,https://www.order.com.tw/data/case/202112/1639037058531820849.jpg
室內設計 | 台中孫公館照片10: ,https://www.order.com.tw/data/case/202112/1639037058589785662.jpg
室內設計 | 高雄李公館照片1: ,https://www.order.com.tw/data/case/202111/1638176558495219128.jpg
室內設計 | 高雄李公館照片2: ,https://www.order.com.tw/data/case/202111/1638176560593684096.jpg
室內設計 | 高雄李公館照片3: ,https://www.order.com.tw/data/case/202111/1638176560604623697.jpg
室內設計 | 高雄李公館照片4: ,https://www.order.com.tw/data/case/202111/1638176557674777737.jpg
室內設計 | 高雄李公館照片5: ,https://www.order.com.tw/data/case/202111/1638176559714001799.jpg
室內設計 | 高雄李公館照片6: ,https://www.order.com.tw/data/case/202111/1638176561430612929.jpg
室內設計 | 高雄李公館照片7: ,https://www.order.com.tw/data/case/202111/1638176561431741901.jpg
室內設計 | 高雄李公館照片8: ,https://www.order.com.tw/data/case/202111/1638176562907011629.jpg
室內設計 | 高雄李公館照片9: ,https://www.order.com.tw/data/case/202111/1638176562608768460.jpg
室內設計 | 台北郭公館照片1: ,https://www.order.com.tw/data/case/202111/1637733504373245031.jpg
室內設計 | 台北郭公館照片2: ,https://www.order.com.tw/data/case/202111/1637733495302745833.jpg
室內設計 | 台北郭公館照片3: ,https://www.order.com.tw/data/case/202111/1637733681231714488.jpg
室內設計 | 台北郭公館照片4: ,https://www.order.com.tw/data/case/202111/1637734168831451894.jpg
室內設計 | 台北郭公館照片5: ,https://www.order.com.tw/data/case/202111/1637733505057430880.jpg
室內設計 | 台北郭公館照片6: ,https://www.order.com.tw/data/case/202111/1637733630649067989.jpg
室內設計 | 台北郭公館照片7: ,https://www.order.com.tw/data/case/202111/1637733634192987853.jpg
室內設計 | 台北郭公館照片8: ,https://www.order.com.tw/data/case/202111/1637733634306024056.jpg
室內設計 | 台北郭公館照片9: ,https://www.order.com.tw/data/case/202111/1637733635795413764.jpg
室內設計 | 台北郭公館照片10: ,https://www.order.com.tw/data/case/202111/1637733639057751371.jpg
室內設計 | 蘆洲葉公館照片1: ,https://www.order.com.tw/data/case/202110/1633575286147593054.jpg
室內設計 | 蘆洲葉公館照片2: ,https://www.order.com.tw/data/case/202110/1633575286770988104.jpg
室內設計 | 蘆洲葉公館照片3: ,https://www.order.com.tw/data/case/202110/1633575286255306124.jpg
室內設計 | 蘆洲葉公館照片4: ,https://www.order.com.tw/data/case/202110/1633575287471048388.jpg
室內設計 | 蘆洲葉公館照片5: ,https://www.order.com.tw/data/case/202110/1633575287189247467.jpg
室內設計 | 蘆洲葉公館照片6: ,https://www.order.com.tw/data/case/202110/1633575288008797629.jpg
室內設計 | 蘆洲葉公館照片7: ,https://www.order.com.tw/data/case/202110/1633575288160696899.jpg
室內設計 | 蘆洲葉公館照片8: ,https://www.order.com.tw/data/case/202110/1633575289417969984.jpg
室內設計 | 蘆洲葉公館照片9: ,https://www.order.com.tw/data/case/202110/1633575289877635475.jpg
室內設計 | 蘆洲葉公館照片10: ,https://www.order.com.tw/data/case/202110/1633575290989481824.jpg
室內設計 | 汐止吳公館照片1: ,https://www.order.com.tw/data/case/202109/1630468583055048074.jpg
室內設計 | 汐止吳公館照片2: ,https://www.order.com.tw/data/case/202109/1630468584939156268.jpg
室內設計 | 汐止吳公館照片3: ,https://www.order.com.tw/data/case/202109/1630468582333533508.jpg
室內設計 | 汐止吳公館照片4: ,https://www.order.com.tw/data/case/202109/1630468584502909208.jpg
室內設計 | 汐止吳公館照片5: ,https://www.order.com.tw/data/case/202109/1630468585920544844.jpg
室內設計 | 汐止吳公館照片6: ,https://www.order.com.tw/data/case/202109/1630468582588403011.jpg
室內設計 | 汐止吳公館照片7: ,https://www.order.com.tw/data/case/202109/1630468586838875759.jpg
室內設計 | 汐止吳公館照片8: ,https://www.order.com.tw/data/case/202109/1630468583496725461.jpg
室內設計 | 汐止吳公館照片9: ,https://www.order.com.tw/data/case/202109/1630468585126741143.jpg
室內設計 | 高雄張公館照片1: ,https://www.order.com.tw/data/case/202109/1630890681664756406.jpg
室內設計 | 高雄張公館照片2: ,https://www.order.com.tw/data/case/202109/1630552923747423375.jpg
室內設計 | 高雄張公館照片3: ,https://www.order.com.tw/data/case/202109/1630552924295468668.jpg
室內設計 | 高雄張公館照片4: ,https://www.order.com.tw/data/case/202109/1630552924732610062.jpg
室內設計 | 高雄張公館照片5: ,https://www.order.com.tw/data/case/202109/1630552924811349991.jpg
室內設計 | 高雄張公館照片6: ,https://www.order.com.tw/data/case/202109/1630552925552972600.jpg
室內設計 | 高雄張公館照片7: ,https://www.order.com.tw/data/case/202109/1630552925872774121.jpg
室內設計 | 高雄張公館照片8: ,https://www.order.com.tw/data/case/202109/1630552926610825102.jpg
室內設計 | 高雄張公館照片9: ,https://www.order.com.tw/data/case/202109/1630552926454639090.jpg
室內設計 | 高雄張公館照片10: ,https://www.order.com.tw/data/case/202109/1630552926788724071.jpg
室內設計 | 淡水周公館照片1: ,https://www.order.com.tw/data/case/202109/1631673928769690127.jpg
室內設計 | 淡水周公館照片2: ,https://www.order.com.tw/data/case/202109/1631673929355737727.jpg
室內設計 | 淡水周公館照片3: ,https://www.order.com.tw/data/case/202109/1631673929913229562.jpg
室內設計 | 淡水周公館照片4: ,https://www.order.com.tw/data/case/202109/1631673929723642005.jpg
室內設計 | 淡水周公館照片5: ,https://www.order.com.tw/data/case/202109/1631673930146110244.jpg
室內設計 | 淡水周公館照片6: ,https://www.order.com.tw/data/case/202109/1631673932431779843.jpg
室內設計 | 淡水周公館照片7: ,https://www.order.com.tw/data/case/202109/1631673931047705559.jpg
室內設計 | 淡水周公館照片8: ,https://www.order.com.tw/data/case/202109/1631673930206279966.jpg
室內設計 | 淡水周公館照片9: ,https://www.order.com.tw/data/case/202109/1631673931609177235.jpg
室內設計 | 新莊謝公館照片1: ,https://www.order.com.tw/data/case/202109/1630482789230459869.jpg
室內設計 | 新莊謝公館照片2: ,https://www.order.com.tw/data/case/202109/1630482789395505998.jpg
室內設計 | 新莊謝公館照片3: ,https://www.order.com.tw/data/case/202109/1630482790566464169.jpg
室內設計 | 新莊謝公館照片4: ,https://www.order.com.tw/data/case/202109/1630482790722677447.jpg
室內設計 | 新莊謝公館照片5: ,https://www.order.com.tw/data/case/202109/1630482791676134362.jpg
室內設計 | 新莊謝公館照片6: ,https://www.order.com.tw/data/case/202109/1630482791657032483.jpg
室內設計 | 新莊謝公館照片7: ,https://www.order.com.tw/data/case/202109/1630482791054280399.jpg
室內設計 | 新莊謝公館照片8: ,https://www.order.com.tw/data/case/202109/1630482792154292377.jpg
室內設計 | 新莊謝公館照片9: ,https://www.order.com.tw/data/case/202109/1630482792467991104.jpg
室內設計 | 新莊謝公館照片10: ,https://www.order.com.tw/data/case/202109/1630482793028734479.jpg
室內設計 | 新竹藍公館照片1: ,https://www.order.com.tw/data/case/202107/1626425165302559646.jpg
室內設計 | 新竹藍公館照片2: ,https://www.order.com.tw/data/case/202107/1626406177114815575.jpg
室內設計 | 新竹藍公館照片3: ,https://www.order.com.tw/data/case/202107/1626406177323241211.jpg
室內設計 | 新竹藍公館照片4: ,https://www.order.com.tw/data/case/202107/1626406218925838361.jpg
室內設計 | 新竹藍公館照片5: ,https://www.order.com.tw/data/case/202107/1626406773292273165.jpg
室內設計 | 新竹藍公館照片6: ,https://www.order.com.tw/data/case/202107/1626406181657308285.jpg
室內設計 | 新竹藍公館照片7: ,https://www.order.com.tw/data/case/202107/1626406666786754578.jpg
室內設計 | 新竹藍公館照片8: ,https://www.order.com.tw/data/case/202107/1626406181328802195.jpg
室內設計 | 新竹藍公館照片9: ,https://www.order.com.tw/data/case/202107/1626406539138931879.jpg
室內設計 | 新竹藍公館照片10: ,https://www.order.com.tw/data/case/202107/1626406175816840207.jpg
室內設計 | 新竹古公館照片1: ,https://www.order.com.tw/data/case/202107/1626143858300167535.jpg
室內設計 | 新竹古公館照片2: ,https://www.order.com.tw/data/case/202107/1626143859014965927.jpg
室內設計 | 新竹古公館照片3: ,https://www.order.com.tw/data/case/202107/1626143859040771418.jpg
室內設計 | 新竹古公館照片4: ,https://www.order.com.tw/data/case/202107/1626143858375195437.jpg
室內設計 | 新竹古公館照片5: ,https://www.order.com.tw/data/case/202107/1626143860893432254.jpg
室內設計 | 新竹古公館照片6: ,https://www.order.com.tw/data/case/202107/1626143861712547265.jpg
室內設計 | 新竹古公館照片7: ,https://www.order.com.tw/data/case/202107/1626143860757780694.jpg
室內設計 | 新竹古公館照片8: ,https://www.order.com.tw/data/case/202107/1626144070644079780.jpg
室內設計 | 新竹古公館照片9: ,https://www.order.com.tw/data/case/202107/1626144070697169457.jpg
室內設計 | 台北林公館照片1: ,https://www.order.com.tw/data/case/202106/1622712825857100487.jpg
室內設計 | 台北林公館照片2: ,https://www.order.com.tw/data/case/202106/1622712428118237364.jpg
室內設計 | 台北林公館照片3: ,https://www.order.com.tw/data/case/202106/1622712427036387548.jpg
室內設計 | 台北林公館照片4: ,https://www.order.com.tw/data/case/202106/1622713034449322164.jpg
室內設計 | 台北林公館照片5: ,https://www.order.com.tw/data/case/202106/1622713571545418695.jpg
室內設計 | 台北林公館照片6: ,https://www.order.com.tw/data/case/202106/1622712429304316847.jpg
室內設計 | 台北林公館照片7: ,https://www.order.com.tw/data/case/202106/1622712431509027484.jpg
室內設計 | 台北林公館照片8: ,https://www.order.com.tw/data/case/202106/1622712432129714221.jpg
室內設計 | 台北林公館照片9: ,https://www.order.com.tw/data/case/202106/1622712433232787791.jpg
室內設計 | 台北林公館照片10: ,https://www.order.com.tw/data/case/202106/1622712437087205942.jpg
室內設計 | 台中房公館照片1: ,https://www.order.com.tw/data/case/202008/1597822092W6CR30.jpg
室內設計 | 台中房公館照片2: ,https://www.order.com.tw/data/case/202008/15978220933EALZ0.jpg
室內設計 | 台中房公館照片3: ,https://www.order.com.tw/data/case/202008/1597822093IH78X0.jpg
室內設計 | 台中房公館照片4: ,https://www.order.com.tw/data/case/202008/1597822094I59KQ0.jpg
室內設計 | 台中房公館照片5: ,https://www.order.com.tw/data/case/202008/1597822095M7WQM0.jpg
室內設計 | 台中房公館照片6: ,https://www.order.com.tw/data/case/202008/1597822095G7K9X0.jpg
室內設計 | 台中房公館照片7: ,https://www.order.com.tw/data/case/202008/1597822095T018O0.jpg
室內設計 | 台中房公館照片8: ,https://www.order.com.tw/data/case/202008/1597822096T9T320.jpg
室內設計 | 台中房公館照片9: ,https://www.order.com.tw/data/case/202008/1597822096ZE7JV0.jpg
室內設計 | 台中房公館照片10: ,https://www.order.com.tw/data/case/202008/1597822097C4YZY0.jpg
室內設計 | 新店李公館照片1: ,https://www.order.com.tw/data/case/202105/1620614185719536878.jpg
室內設計 | 新店李公館照片2: ,https://www.order.com.tw/data/case/202105/1620614549749438671.jpg
室內設計 | 新店李公館照片3: ,https://www.order.com.tw/data/case/202105/1620615225799620399.jpg
室內設計 | 新店李公館照片4: ,https://www.order.com.tw/data/case/202105/1620614184125513968.jpg
室內設計 | 新店李公館照片5: ,https://www.order.com.tw/data/case/202105/1620615226592831329.jpg
室內設計 | 新店李公館照片6: ,https://www.order.com.tw/data/case/202105/1620615226281601919.jpg
室內設計 | 新店李公館照片7: ,https://www.order.com.tw/data/case/202105/1620615227647616986.jpg
室內設計 | 新店李公館照片8: ,https://www.order.com.tw/data/case/202105/1620615227001234094.jpg
室內設計 | 新店李公館照片9: ,https://www.order.com.tw/data/case/202105/1620615227832819865.jpg
室內設計 | 新店李公館照片10: ,https://www.order.com.tw/data/case/202105/1620615228163726125.jpg
